datetime,open,high,low,close,volume
2026-02-02T14:30:00+00:00,189.11999999999995,189.11999999999995,184.20999999999995,184.35999999999996,17101
2026-02-02T15:00:00+00:00,184.35999999999996,186.87999999999994,184.12999999999994,186.27999999999994,15597
2026-02-02T15:30:00+00:00,186.27999999999994,187.08999999999995,185.79999999999995,186.33999999999995,13317
2026-02-02T16:00:00+00:00,186.33999999999995,186.88999999999996,185.57999999999996,186.84999999999994,9807
2026-02-02T16:30:00+00:00,186.84999999999994,187.20999999999995,186.19999999999996,187.14999999999995,7721
2026-02-02T17:00:00+00:00,187.14999999999995,187.52999999999994,186.79999999999995,186.93999999999994,6251
2026-02-02T17:30:00+00:00,186.93999999999994,187.82999999999996,186.80999999999995,187.56999999999994,5438
2026-02-02T18:00:00+00:00,187.56999999999994,187.99999999999994,187.37999999999994,187.41999999999996,5245
2026-02-02T18:30:00+00:00,187.41999999999996,187.71999999999994,187.16999999999996,187.68999999999994,4291
2026-02-02T19:00:00+00:00,187.68999999999994,187.79999999999995,187.27999999999994,187.62999999999994,4559
2026-02-02T19:30:00+00:00,187.62999999999994,187.66999999999996,185.09999999999994,185.14999999999995,6808
2026-02-02T20:00:00+00:00,185.14999999999995,185.34999999999994,183.77999999999994,183.88999999999996,11477
2026-02-02T20:30:00+00:00,183.88999999999996,183.99999999999994,182.58999999999995,183.37999999999994,10747
2026-02-03T14:30:00+00:00,183.37999999999994,183.94999999999996,179.25999999999993,179.52999999999994,24665
2026-02-03T15:00:00+00:00,179.52999999999994,179.68999999999994,177.26999999999995,177.98999999999995,26290
2026-02-03T15:30:00+00:00,177.98999999999995,178.66999999999996,177.39999999999995,178.44999999999996,20808
2026-02-03T16:00:00+00:00,178.44999999999996,178.54999999999995,176.77999999999994,176.81999999999994,16638
2026-02-03T16:30:00+00:00,176.81999999999994,178.19999999999996,176.78999999999994,177.78999999999994,14072
2026-02-03T17:00:00+00:00,177.78999999999994,178.10999999999996,176.80999999999995,177.69999999999996,13916
2026-02-03T17:30:00+00:00,177.69999999999996,177.78999999999994,176.34999999999994,176.57999999999996,13871
2026-02-03T18:00:00+00:00,176.57999999999996,177.42999999999995,176.34999999999994,176.84999999999994,12993
2026-02-03T18:30:00+00:00,176.84999999999994,176.87999999999994,176.10999999999996,176.11999999999995,10980
2026-02-03T19:00:00+00:00,176.11999999999995,177.22999999999996,175.74999999999994,176.39999999999995,14919
2026-02-03T19:30:00+00:00,176.39999999999995,176.72999999999996,173.92999999999995,175.57999999999996,15881
2026-02-03T20:00:00+00:00,175.57999999999996,176.68999999999994,175.21999999999994,176.38999999999996,12540
2026-02-03T20:30:00+00:00,176.38999999999996,178.18999999999994,176.36999999999995,178.08999999999995,12342
2026-02-04T14:30:00+00:00,178.08999999999995,178.08999999999995,174.89999999999995,175.43999999999994,23462
2026-02-04T15:00:00+00:00,175.43999999999994,175.83999999999995,174.32999999999996,174.88999999999996,27492
2026-02-04T15:30:00+00:00,174.88999999999996,175.25999999999993,173.35999999999996,173.57999999999996,23977
2026-02-04T16:00:00+00:00,173.57999999999996,173.72999999999996,172.17999999999995,172.94999999999996,19988
2026-02-04T16:30:00+00:00,172.94999999999996,173.00999999999993,170.95999999999995,172.33999999999995,17743
2026-02-04T17:00:00+00:00,172.33999999999995,172.88999999999996,171.00999999999993,171.06999999999994,18919
2026-02-04T17:30:00+00:00,171.06999999999994,171.60999999999996,169.60999999999996,170.99999999999994,20693
2026-02-04T18:00:00+00:00,170.99999999999994,172.02999999999994,170.11999999999995,171.83999999999995,18353
2026-02-04T18:30:00+00:00,171.83999999999995,171.99999999999994,170.59999999999994,171.80999999999995,17050
2026-02-04T19:00:00+00:00,171.80999999999995,172.70999999999995,171.35999999999996,172.65999999999994,16687
2026-02-04T19:30:00+00:00,172.65999999999994,173.68999999999994,172.56999999999994,173.64999999999995,16547
2026-02-04T20:00:00+00:00,173.64999999999995,173.82999999999996,171.94999999999996,172.96999999999994,14183
2026-02-04T20:30:00+00:00,172.96999999999994,173.58999999999995,171.89999999999995,171.92999999999995,11828
2026-02-05T14:30:00+00:00,171.92999999999995,174.50999999999993,171.34999999999994,171.57999999999996,33410
2026-02-05T15:00:00+00:00,171.57999999999996,171.93999999999994,168.99999999999994,169.28999999999994,30459
2026-02-05T15:30:00+00:00,169.28999999999994,171.15999999999994,169.12999999999994,170.89999999999995,25826
2026-02-05T16:00:00+00:00,170.89999999999995,171.94999999999996,169.51999999999995,171.94999999999996,22234
2026-02-05T16:30:00+00:00,171.94999999999996,173.30999999999995,171.87999999999994,172.89999999999995,21943
2026-02-05T17:00:00+00:00,172.89999999999995,173.47999999999996,172.07999999999996,172.98999999999995,19374
2026-02-05T17:30:00+00:00,172.98999999999995,173.40999999999994,172.40999999999994,172.67999999999995,18709
2026-02-05T18:00:00+00:00,172.67999999999995,173.07999999999996,171.71999999999994,172.01999999999995,15695
2026-02-05T18:30:00+00:00,172.01999999999995,172.44999999999996,170.76999999999995,170.91999999999996,13168
2026-02-05T19:00:00+00:00,170.91999999999996,172.13999999999996,170.59999999999994,171.37999999999994,14997
2026-02-05T19:30:00+00:00,171.37999999999994,171.37999999999994,170.42999999999995,170.87999999999994,15440
2026-02-05T20:00:00+00:00,170.87999999999994,171.92999999999995,169.86999999999995,169.96999999999994,15964
2026-02-05T20:30:00+00:00,169.96999999999994,170.19999999999996,168.79999999999995,169.54999999999995,15780
2026-02-06T14:30:00+00:00,169.54999999999995,179.42999999999995,169.54999999999995,178.22999999999996,29254
2026-02-06T15:00:00+00:00,178.22999999999996,180.58999999999995,177.14999999999995,180.35999999999996,28392
2026-02-06T15:30:00+00:00,180.35999999999996,180.69999999999996,179.48999999999995,180.55999999999995,22302
2026-02-06T16:00:00+00:00,180.55999999999995,181.96999999999994,180.24999999999994,181.66999999999996,16547
2026-02-06T16:30:00+00:00,181.66999999999996,182.04999999999995,180.60999999999996,180.94999999999996,13577
2026-02-06T17:00:00+00:00,180.94999999999996,182.34999999999994,180.62999999999994,182.23999999999995,11305
2026-02-06T17:30:00+00:00,182.23999999999995,182.87999999999994,182.05999999999995,182.17999999999995,10887
2026-02-06T18:00:00+00:00,182.17999999999995,182.62999999999994,181.89999999999995,182.22999999999996,7576
2026-02-06T18:30:00+00:00,182.22999999999996,182.70999999999995,181.96999999999994,182.27999999999994,4961
2026-02-06T19:00:00+00:00,182.27999999999994,182.55999999999995,181.82999999999996,182.15999999999994,6619
2026-02-06T19:30:00+00:00,182.15999999999994,182.79999999999995,181.99999999999994,182.67999999999995,5502
2026-02-06T20:00:00+00:00,182.67999999999995,183.29999999999995,182.36999999999995,183.04999999999995,6019
2026-02-06T20:30:00+00:00,183.04999999999995,184.64999999999995,182.90999999999994,182.99999999999994,10065
2026-02-09T14:30:00+00:00,182.99999999999994,191.35999999999996,181.68999999999994,188.83999999999995,32086
2026-02-09T15:00:00+00:00,188.83999999999995,190.12999999999994,188.27999999999994,188.36999999999995,22311
2026-02-09T15:30:00+00:00,188.36999999999995,189.85999999999996,188.36999999999995,189.65999999999994,16225
2026-02-09T16:00:00+00:00,189.65999999999994,189.85999999999996,189.23999999999995,189.52999999999994,11533
2026-02-09T16:30:00+00:00,189.52999999999994,189.65999999999994,189.09999999999994,189.18999999999994,9768
2026-02-09T17:00:00+00:00,189.18999999999994,190.22999999999996,188.99999999999994,189.27999999999994,8854
2026-02-09T17:30:00+00:00,189.27999999999994,189.76999999999995,189.04999999999995,189.12999999999994,7175
2026-02-09T18:00:00+00:00,189.12999999999994,189.34999999999994,188.45999999999995,188.68999999999994,8396
2026-02-09T18:30:00+00:00,188.68999999999994,189.19999999999996,188.36999999999995,188.44999999999996,6447
2026-02-09T19:00:00+00:00,188.44999999999996,189.05999999999995,188.33999999999995,188.71999999999994,5175
2026-02-09T19:30:00+00:00,188.71999999999994,189.11999999999995,188.61999999999995,188.62999999999994,5042
2026-02-09T20:00:00+00:00,188.62999999999994,188.84999999999994,187.32999999999996,187.59999999999994,7571
2026-02-09T20:30:00+00:00,187.59999999999994,188.16999999999996,187.22999999999996,187.48999999999995,10841
2026-02-10T14:30:00+00:00,187.48999999999995,190.16999999999996,186.06999999999994,187.01999999999995,24597
2026-02-10T15:00:00+00:00,187.01999999999995,187.09999999999994,185.80999999999995,186.86999999999995,16522
2026-02-10T15:30:00+00:00,186.86999999999995,187.95999999999995,186.53999999999994,187.74999999999994,13877
2026-02-10T16:00:00+00:00,187.74999999999994,188.01999999999995,186.81999999999994,186.83999999999995,13118
2026-02-10T16:30:00+00:00,186.83999999999995,187.33999999999995,186.61999999999995,186.96999999999994,10986
2026-02-10T17:00:00+00:00,186.96999999999994,187.86999999999995,186.90999999999994,187.37999999999994,8069
2026-02-10T17:30:00+00:00,187.37999999999994,188.13999999999996,187.14999999999995,187.91999999999996,6683
2026-02-10T18:00:00+00:00,187.91999999999996,187.94999999999996,186.88999999999996,186.94999999999996,7333
2026-02-10T18:30:00+00:00,186.94999999999996,187.27999999999994,186.75999999999993,187.18999999999994,8950
2026-02-10T19:00:00+00:00,187.18999999999994,187.29999999999995,186.78999999999994,186.90999999999994,7236
2026-02-10T19:30:00+00:00,186.90999999999994,187.08999999999995,186.46999999999994,186.73999999999995,6265
2026-02-10T20:00:00+00:00,186.73999999999995,187.25999999999993,186.11999999999995,186.81999999999994,7783
2026-02-10T20:30:00+00:00,186.81999999999994,187.13999999999996,186.06999999999994,186.33999999999995,9373
2026-02-11T14:30:00+00:00,186.33999999999995,190.93999999999994,186.33999999999995,188.90999999999994,26674
2026-02-11T15:00:00+00:00,188.90999999999994,189.38999999999996,186.46999999999994,186.61999999999995,24037
2026-02-11T15:30:00+00:00,186.61999999999995,189.67999999999995,186.56999999999994,189.29999999999995,21541
2026-02-11T16:00:00+00:00,189.29999999999995,189.88999999999996,188.60999999999996,188.99999999999994,16618
2026-02-11T16:30:00+00:00,188.99999999999994,189.21999999999994,188.37999999999994,188.62999999999994,15530
2026-02-11T17:00:00+00:00,188.62999999999994,189.80999999999995,188.06999999999994,189.67999999999995,13582
2026-02-11T17:30:00+00:00,189.67999999999995,189.97999999999996,189.42999999999995,189.49999999999994,10418
2026-02-11T18:00:00+00:00,189.49999999999994,189.68999999999994,188.80999999999995,189.14999999999995,7203
2026-02-11T18:30:00+00:00,189.14999999999995,189.67999999999995,188.66999999999996,189.45999999999995,9814
2026-02-11T19:00:00+00:00,189.45999999999995,189.91999999999996,188.99999999999994,189.73999999999995,8369
2026-02-11T19:30:00+00:00,189.73999999999995,189.85999999999996,189.13999999999996,189.20999999999995,8494
2026-02-11T20:00:00+00:00,189.20999999999995,189.26999999999995,188.64999999999995,188.76999999999995,7440
2026-02-11T20:30:00+00:00,188.76999999999995,189.05999999999995,187.65999999999994,187.73999999999995,8815
2026-02-12T14:30:00+00:00,187.73999999999995,191.29999999999995,187.73999999999995,189.12999999999994,24463
2026-02-12T15:00:00+00:00,189.12999999999994,189.67999999999995,188.20999999999995,189.39999999999995,20655
2026-02-12T15:30:00+00:00,189.39999999999995,189.52999999999994,186.84999999999994,186.93999999999994,19303
2026-02-12T16:00:00+00:00,186.93999999999994,187.49999999999994,184.93999999999994,185.00999999999993,23779
2026-02-12T16:30:00+00:00,185.00999999999993,187.42999999999995,184.93999999999994,187.00999999999993,26644
2026-02-12T17:00:00+00:00,187.00999999999993,187.68999999999994,186.61999999999995,187.28999999999994,20372
2026-02-12T17:30:00+00:00,187.28999999999994,188.23999999999995,187.22999999999996,187.36999999999995,17396
2026-02-12T18:00:00+00:00,187.36999999999995,187.44999999999996,186.23999999999995,186.94999999999996,17003
2026-02-12T18:30:00+00:00,186.94999999999996,187.66999999999996,186.60999999999996,187.54999999999995,16509
2026-02-12T19:00:00+00:00,187.54999999999995,187.69999999999996,186.63999999999996,186.73999999999995,14637
2026-02-12T19:30:00+00:00,186.73999999999995,187.17999999999995,185.84999999999994,185.93999999999994,13602
2026-02-12T20:00:00+00:00,185.93999999999994,186.23999999999995,185.20999999999995,185.28999999999994,13932
2026-02-12T20:30:00+00:00,185.28999999999994,185.68999999999994,184.19999999999996,184.62999999999994,16067
2026-02-13T14:30:00+00:00,184.62999999999994,185.18999999999994,179.95999999999995,180.12999999999994,32588
2026-02-13T15:00:00+00:00,180.12999999999994,182.20999999999995,179.88999999999996,181.76999999999995,27361
2026-02-13T15:30:00+00:00,181.76999999999995,182.88999999999996,179.99999999999994,181.01999999999995,20846
2026-02-13T16:00:00+00:00,181.01999999999995,181.65999999999994,180.49999999999994,181.27999999999994,17421
2026-02-13T16:30:00+00:00,181.27999999999994,181.86999999999995,180.77999999999994,181.54999999999995,14089
2026-02-13T17:00:00+00:00,181.54999999999995,182.40999999999994,181.35999999999996,182.25999999999993,10681
2026-02-13T17:30:00+00:00,182.25999999999993,182.67999999999995,181.66999999999996,181.67999999999995,9493
2026-02-13T18:00:00+00:00,181.67999999999995,182.26999999999995,181.15999999999994,181.92999999999995,10722
2026-02-13T18:30:00+00:00,181.92999999999995,182.55999999999995,181.74999999999994,181.90999999999994,9649
2026-02-13T19:00:00+00:00,181.90999999999994,181.97999999999996,181.25999999999993,181.40999999999994,9042
2026-02-13T19:30:00+00:00,181.40999999999994,181.97999999999996,180.51999999999995,180.56999999999994,10041
2026-02-13T20:00:00+00:00,180.56999999999994,181.11999999999995,179.73999999999995,180.00999999999993,12613
2026-02-13T20:30:00+00:00,180.00999999999993,180.80999999999995,179.27999999999994,180.46999999999994,16885
2026-02-17T14:30:00+00:00,180.46999999999994,181.12999999999994,176.98999999999995,176.99999999999994,27533
2026-02-17T15:00:00+00:00,176.99999999999994,178.64999999999995,176.86999999999995,178.11999999999995,26171
2026-02-17T15:30:00+00:00,178.11999999999995,179.65999999999994,176.96999999999994,179.49999999999994,22288
2026-02-17T16:00:00+00:00,179.49999999999994,182.07999999999996,179.45999999999995,181.26999999999995,19055
2026-02-17T16:30:00+00:00,181.26999999999995,182.28999999999994,180.88999999999996,181.77999999999994,16639
2026-02-17T17:00:00+00:00,181.77999999999994,182.44999999999996,181.26999999999995,182.44999999999996,14771
2026-02-17T17:30:00+00:00,182.44999999999996,182.59999999999994,181.30999999999995,182.56999999999994,15451
2026-02-17T18:00:00+00:00,182.56999999999994,183.18999999999994,181.86999999999995,183.06999999999994,15223
2026-02-17T18:30:00+00:00,183.06999999999994,183.63999999999996,182.69999999999996,183.17999999999995,12481
2026-02-17T19:00:00+00:00,183.17999999999995,184.14999999999995,183.14999999999995,184.09999999999994,11882
2026-02-17T19:30:00+00:00,184.09999999999994,184.85999999999996,183.48999999999995,183.65999999999994,11212
2026-02-17T20:00:00+00:00,183.65999999999994,183.89999999999995,183.02999999999994,183.10999999999996,10719
2026-02-17T20:30:00+00:00,183.10999999999996,183.19999999999996,182.04999999999995,182.71999999999994,12980
2026-02-18T14:30:00+00:00,182.71999999999994,186.87999999999994,182.71999999999994,186.45999999999995,26031
2026-02-18T15:00:00+00:00,186.45999999999995,187.93999999999994,186.38999999999996,187.48999999999995,17608
2026-02-18T15:30:00+00:00,187.48999999999995,187.83999999999995,186.94999999999996,187.55999999999995,12526
2026-02-18T16:00:00+00:00,187.55999999999995,188.06999999999994,187.14999999999995,187.47999999999996,8808
2026-02-18T16:30:00+00:00,187.47999999999996,187.65999999999994,186.42999999999995,186.47999999999996,7918
2026-02-18T17:00:00+00:00,186.47999999999996,187.16999999999996,186.35999999999996,186.82999999999996,8140
2026-02-18T17:30:00+00:00,186.82999999999996,187.06999999999994,186.64999999999995,186.81999999999994,5495
2026-02-18T18:00:00+00:00,186.81999999999994,187.38999999999993,186.58999999999992,186.60999999999993,5477
2026-02-18T18:30:00+00:00,186.60999999999993,186.72999999999993,185.91999999999993,186.50999999999993,8617
2026-02-18T19:00:00+00:00,186.50999999999993,186.85999999999993,186.19999999999993,186.28999999999994,9598
2026-02-18T19:30:00+00:00,186.28999999999994,186.37999999999994,184.67999999999992,184.78999999999994,14762
2026-02-18T20:00:00+00:00,184.78999999999994,185.20999999999992,184.47999999999993,184.68999999999994,13886
2026-02-18T20:30:00+00:00,184.68999999999994,186.14999999999992,184.63999999999993,185.58999999999992,11674
2026-02-19T14:30:00+00:00,185.58999999999992,185.58999999999992,183.37999999999994,184.45999999999992,23909
2026-02-19T15:00:00+00:00,184.45999999999992,185.96999999999994,184.09999999999994,185.27999999999994,18826
2026-02-19T15:30:00+00:00,185.27999999999994,186.08999999999995,184.84999999999994,185.59999999999994,14865
2026-02-19T16:00:00+00:00,185.59999999999994,185.68999999999994,184.59999999999988,185.00999999999988,13862
2026-02-19T16:30:00+00:00,185.00999999999988,185.46999999999989,184.1299999999999,184.3499999999999,13547
2026-02-19T17:00:00+00:00,184.3499999999999,184.6899999999999,184.0799999999999,184.2999999999999,11698
2026-02-19T17:30:00+00:00,184.2999999999999,184.3599999999999,183.4699999999999,183.6299999999999,11431
2026-02-19T18:00:00+00:00,183.6299999999999,184.2599999999999,183.5199999999999,183.86999999999992,10816
2026-02-19T18:30:00+00:00,183.86999999999992,184.42999999999992,183.8299999999999,184.4099999999999,8854
2026-02-19T19:00:00+00:00,184.4099999999999,184.74999999999991,184.0099999999999,184.2199999999999,6343
2026-02-19T19:30:00+00:00,184.2199999999999,184.6899999999999,184.02999999999992,184.2199999999999,8553
2026-02-19T20:00:00+00:00,184.2199999999999,184.74999999999991,184.2199999999999,184.4699999999999,6421
2026-02-19T20:30:00+00:00,184.4699999999999,185.6099999999999,184.4099999999999,185.5799999999999,6928
2026-02-20T14:30:00+00:00,185.5799999999999,186.36999999999992,183.6099999999999,185.1899999999999,18768
2026-02-20T15:00:00+00:00,185.1899999999999,187.02999999999992,184.24999999999991,185.5099999999999,28041
2026-02-20T15:30:00+00:00,185.5099999999999,187.8599999999999,185.1999999999999,187.7399999999999,22693
2026-02-20T16:00:00+00:00,187.7399999999999,188.0199999999999,186.2399999999999,186.4799999999999,19566
2026-02-20T16:30:00+00:00,186.4799999999999,187.97999999999988,186.2799999999999,187.56999999999988,14653
2026-02-20T17:00:00+00:00,187.56999999999988,187.65999999999988,185.4099999999999,185.7299999999999,17861
2026-02-20T17:30:00+00:00,185.7299999999999,186.5499999999999,185.6499999999999,186.4899999999999,18409
2026-02-20T18:00:00+00:00,186.4899999999999,186.7699999999999,185.9399999999999,186.4899999999999,16045
2026-02-20T18:30:00+00:00,186.4899999999999,187.7099999999999,186.1099999999999,187.5999999999999,18326
2026-02-20T19:00:00+00:00,187.5999999999999,187.8699999999999,187.0099999999999,187.1599999999999,11324
2026-02-20T19:30:00+00:00,187.1599999999999,187.30999999999992,186.7199999999999,187.0399999999999,9218
2026-02-20T20:00:00+00:00,187.0399999999999,187.6799999999999,186.9699999999999,187.2099999999999,8030
2026-02-20T20:30:00+00:00,187.2099999999999,187.74999999999991,187.1499999999999,187.6299999999999,8243
2026-02-23T14:30:00+00:00,187.6299999999999,191.7299999999999,187.6299999999999,190.9299999999999,23165
2026-02-23T15:00:00+00:00,190.9299999999999,191.2699999999999,188.7299999999999,189.1199999999999,20632
2026-02-23T15:30:00+00:00,189.1199999999999,189.4799999999999,187.9899999999999,188.02999999999992,15723
2026-02-23T16:00:00+00:00,188.02999999999992,188.3799999999999,187.3799999999999,188.3199999999999,16565
2026-02-23T16:30:00+00:00,188.3199999999999,189.1199999999999,188.2299999999999,188.5099999999999,13688
2026-02-23T17:00:00+00:00,188.5099999999999,189.0099999999999,188.4599999999999,188.7599999999999,9118
2026-02-23T17:30:00+00:00,188.7599999999999,189.0999999999999,187.52999999999992,188.8299999999999,9507
2026-02-23T18:00:00+00:00,188.8299999999999,189.5399999999999,188.6799999999999,189.2599999999999,6993
2026-02-23T18:30:00+00:00,189.2599999999999,189.5699999999999,188.58999999999992,188.7099999999999,6177
2026-02-23T19:00:00+00:00,188.7099999999999,189.0799999999999,188.3799999999999,188.3999999999999,6180
2026-02-23T19:30:00+00:00,188.3999999999999,188.6399999999999,187.99999999999991,188.2999999999999,7532
2026-02-23T20:00:00+00:00,188.2999999999999,188.7599999999999,188.0399999999999,188.6999999999999,6216
2026-02-23T20:30:00+00:00,188.6999999999999,189.4799999999999,188.4499999999999,189.4499999999999,9425
2026-02-24T14:30:00+00:00,189.4499999999999,189.7999999999999,185.1999999999999,187.52999999999992,23486
2026-02-24T15:00:00+00:00,187.52999999999992,189.8699999999999,187.3899999999999,189.8199999999999,19146
2026-02-24T15:30:00+00:00,189.8199999999999,190.5199999999999,189.5199999999999,189.9999999999999,16166.864342910976
2026-02-24T16:00:00+00:00,189.9999999999999,191.0499999999999,189.7599999999999,189.9499999999999,13437
2026-02-24T16:30:00+00:00,189.9499999999999,191.12999999999988,189.6699999999999,190.71999999999989,10805
2026-02-24T17:00:00+00:00,190.71999999999989,191.5399999999999,190.5899999999999,191.0099999999999,9157
2026-02-24T17:30:00+00:00,191.0099999999999,191.3999999999999,190.7899999999999,190.8899999999999,6473
2026-02-24T18:00:00+00:00,190.8899999999999,191.21999999999989,190.6699999999999,190.7499999999999,5572
2026-02-24T18:30:00+00:00,190.7499999999999,190.8899999999999,190.3099999999999,190.4299999999999,6143
2026-02-24T19:00:00+00:00,190.4299999999999,190.62999999999988,189.9499999999999,190.2299999999999,7571
2026-02-24T19:30:00+00:00,190.2299999999999,190.84999999999988,190.18999999999988,190.5099999999999,6280
2026-02-24T20:00:00+00:00,190.5099999999999,190.7799999999999,190.3299999999999,190.5599999999999,5637
2026-02-24T20:30:00+00:00,190.5599999999999,191.5699999999999,190.4499999999999,190.65999999999988,7030
2026-02-25T14:30:00+00:00,190.65999999999988,193.7499999999999,190.65999999999988,193.6499999999999,16994
2026-02-25T15:00:00+00:00,193.6499999999999,194.3199999999999,192.9499999999999,193.8299999999999,14688
2026-02-25T15:30:00+00:00,193.8299999999999,194.1099999999999,193.2999999999999,194.0099999999999,10116
2026-02-25T16:00:00+00:00,194.0099999999999,194.4199999999999,193.6099999999999,194.12999999999988,8289
2026-02-25T16:30:00+00:00,194.12999999999988,195.1199999999999,194.1199999999999,194.84999999999988,5771
2026-02-25T17:00:00+00:00,194.84999999999988,195.4199999999999,194.6499999999999,195.1399999999999,5346
2026-02-25T17:30:00+00:00,195.1399999999999,195.3299999999999,194.8299999999999,194.8599999999999,3882
2026-02-25T18:00:00+00:00,194.8599999999999,194.9499999999999,194.3899999999999,194.5299999999999,4068
2026-02-25T18:30:00+00:00,194.5299999999999,194.6199999999999,194.2799999999999,194.4299999999999,2843
2026-02-25T19:00:00+00:00,194.4299999999999,195.2499999999999,194.40999999999988,194.87999999999988,3190
2026-02-25T19:30:00+00:00,194.87999999999988,195.1699999999999,194.6999999999999,194.96999999999989,3279
2026-02-25T20:00:00+00:00,194.96999999999989,195.0299999999999,194.46999999999989,194.6999999999999,3237
2026-02-25T20:30:00+00:00,194.6999999999999,194.9999999999999,193.2999999999999,193.5799999999999,7052
2026-02-26T14:30:00+00:00,193.5799999999999,193.5799999999999,186.2999999999999,187.40999999999988,29098
2026-02-26T15:00:00+00:00,187.40999999999988,187.7399999999999,183.59999999999988,184.12999999999988,28298
2026-02-26T15:30:00+00:00,184.12999999999988,184.88999999999987,182.5899999999999,184.37999999999988,26114
2026-02-26T16:00:00+00:00,184.37999999999988,185.9899999999999,184.2999999999999,185.84999999999988,19850
2026-02-26T16:30:00+00:00,185.84999999999988,186.0199999999999,183.8899999999999,183.9299999999999,15206
2026-02-26T17:00:00+00:00,183.9299999999999,185.7399999999999,183.9299999999999,185.6199999999999,11839
2026-02-26T17:30:00+00:00,185.6199999999999,186.1699999999999,184.2399999999999,184.8099999999999,10252
2026-02-26T18:00:00+00:00,184.8099999999999,184.82999999999987,182.91999999999987,183.40999999999988,11860
2026-02-26T18:30:00+00:00,183.40999999999988,184.0499999999999,182.8999999999999,183.22999999999993,14135.351844121125
2026-02-26T19:00:00+00:00,183.22999999999993,185.0499999999999,183.16999999999993,183.7699999999999,13158.188217839019
2026-02-26T19:30:00+00:00,183.7699999999999,183.7699999999999,182.4099999999999,182.86999999999995,9471.505605785915
2026-02-26T20:00:00+00:00,182.86999999999995,182.96999999999994,181.45999999999998,181.56999999999996,11743.00442676165
2026-02-26T20:30:00+00:00,181.56999999999996,182.43999999999997,181.23999999999998,181.78999999999996,11864
2026-02-27T14:30:00+00:00,181.78999999999996,181.78999999999996,176.45999999999998,176.65999999999997,22954
2026-02-27T15:00:00+00:00,176.65999999999997,179.46999999999997,176.61999999999998,178.72999999999996,19130
2026-02-27T15:30:00+00:00,178.72999999999996,179.10999999999999,177.94999999999996,178.41999999999996,13655.432471643366
2026-02-27T16:00:00+00:00,178.41999999999996,178.85999999999996,177.90999999999997,177.92999999999995,14017
2026-02-27T16:30:00+00:00,177.92999999999995,178.36999999999995,177.03999999999996,177.24999999999994,13200
2026-02-27T17:00:00+00:00,177.24999999999994,177.59999999999997,175.94999999999996,176.82999999999996,10753
2026-02-27T17:30:00+00:00,176.82999999999996,177.17999999999995,176.30999999999995,176.67999999999995,11662
2026-02-27T18:00:00+00:00,176.67999999999995,176.73999999999995,175.54999999999995,175.86999999999995,9782
2026-02-27T18:30:00+00:00,175.86999999999995,176.22999999999996,175.08999999999995,175.29999999999995,8463
2026-02-27T19:00:00+00:00,175.29999999999995,175.99999999999994,175.00999999999996,175.57999999999996,8304
2026-02-27T19:30:00+00:00,175.57999999999996,176.59999999999997,175.32999999999996,176.27999999999994,8294
2026-02-27T20:00:00+00:00,176.27999999999994,176.32999999999996,175.53999999999996,175.79999999999995,10146
2026-02-27T20:30:00+00:00,175.79999999999995,175.90999999999997,173.49999999999994,174.12999999999997,14025
2026-03-02T14:30:00+00:00,174.12999999999997,179.25999999999996,173.77999999999994,178.83999999999995,28298
2026-03-02T15:00:00+00:00,178.83999999999995,180.48999999999995,178.16999999999996,179.63999999999996,25505
2026-03-02T15:30:00+00:00,179.63999999999996,180.48999999999995,179.13999999999996,179.80999999999995,21393
2026-03-02T16:00:00+00:00,179.80999999999995,180.89999999999995,179.23999999999995,180.04999999999995,15855
2026-03-02T16:30:00+00:00,180.04999999999995,182.29999999999995,179.96999999999994,181.75999999999996,15753
2026-03-02T17:00:00+00:00,181.75999999999996,182.59999999999997,181.29999999999995,182.20999999999995,11028
2026-03-02T17:30:00+00:00,182.20999999999995,182.20999999999995,181.38999999999996,181.84999999999997,10909
2026-03-02T18:00:00+00:00,181.84999999999997,182.06999999999996,181.33999999999995,181.58999999999995,8518
2026-03-02T18:30:00+00:00,181.58999999999995,181.72999999999996,181.17999999999995,181.17999999999995,8544
2026-03-02T19:00:00+00:00,181.17999999999995,182.03999999999996,181.08999999999995,181.75999999999996,8342
2026-03-02T19:30:00+00:00,181.75999999999996,182.17999999999995,181.57999999999996,181.92999999999995,4994
2026-03-02T20:00:00+00:00,181.92999999999995,181.97999999999996,180.77999999999994,181.28999999999996,16328
2026-03-02T20:30:00+00:00,181.28999999999996,181.95999999999995,181.11999999999995,181.51999999999995,14385
2026-03-03T14:30:00+00:00,181.51999999999995,181.51999999999995,177.11999999999995,177.93999999999994,28503
2026-03-03T15:00:00+00:00,177.93999999999994,179.15999999999997,176.85999999999996,176.89999999999995,26227
2026-03-03T15:30:00+00:00,176.89999999999995,177.85999999999996,176.04999999999995,176.65999999999997,28379
2026-03-03T16:00:00+00:00,176.65999999999997,179.13999999999996,176.50999999999996,178.44999999999996,24249
2026-03-03T16:30:00+00:00,178.44999999999996,179.78999999999996,178.07999999999996,179.15999999999997,22957
2026-03-03T17:00:00+00:00,179.15999999999997,179.37999999999997,178.45999999999995,179.25999999999996,19482
2026-03-03T17:30:00+00:00,179.25999999999996,179.25999999999996,178.12999999999997,178.69999999999996,16674
2026-03-03T18:00:00+00:00,178.69999999999996,179.53999999999996,178.56999999999996,179.29999999999995,14890
2026-03-03T18:30:00+00:00,179.29999999999995,180.02999999999994,179.13999999999996,179.64999999999995,14473
2026-03-03T19:00:00+00:00,179.64999999999995,179.76999999999995,178.57999999999996,178.65999999999997,15220
2026-03-03T19:30:00+00:00,178.65999999999997,180.00999999999996,178.28999999999996,179.17999999999995,18622
2026-03-03T20:00:00+00:00,179.17999999999995,179.37999999999997,178.62999999999997,179.34999999999997,16188
2026-03-03T20:30:00+00:00,179.34999999999997,179.69999999999996,179.02999999999994,179.17999999999995,13959
2026-03-04T14:30:00+00:00,179.17999999999995,182.06999999999996,179.17999999999995,180.03999999999996,24282
2026-03-04T15:00:00+00:00,180.03999999999996,182.67999999999995,180.03999999999996,182.60999999999996,21469
2026-03-04T15:30:00+00:00,182.60999999999996,182.77999999999994,181.28999999999996,181.93999999999994,15762
2026-03-04T16:00:00+00:00,181.93999999999994,182.44999999999996,180.92999999999995,181.53999999999996,15179
2026-03-04T16:30:00+00:00,181.53999999999996,182.27999999999994,181.44999999999996,181.81999999999996,11709
2026-03-04T17:00:00+00:00,181.81999999999996,182.22999999999996,181.53999999999996,181.60999999999996,9088
2026-03-04T17:30:00+00:00,181.60999999999996,182.48999999999995,181.32999999999996,182.12999999999997,8589
2026-03-04T18:00:00+00:00,182.12999999999997,182.25999999999996,181.50999999999996,182.17999999999995,6882
2026-03-04T18:30:00+00:00,182.17999999999995,183.73999999999995,182.12999999999997,183.62999999999997,9531
2026-03-04T19:00:00+00:00,183.62999999999997,183.82999999999996,183.19999999999996,183.43999999999994,6800
2026-03-04T19:30:00+00:00,183.43999999999994,183.47999999999996,182.67999999999995,182.94999999999996,4437
2026-03-04T20:00:00+00:00,182.94999999999996,182.99999999999994,181.74999999999994,182.18999999999994,6798
2026-03-04T20:30:00+00:00,182.18999999999994,182.46999999999994,181.74999999999994,182.07999999999996,9111
2026-03-05T14:30:00+00:00,182.07999999999996,182.07999999999996,179.93999999999994,181.58999999999995,24123
2026-03-05T15:00:00+00:00,181.58999999999995,181.91999999999996,180.57999999999996,180.80999999999995,21675
2026-03-05T15:30:00+00:00,180.80999999999995,183.04999999999995,179.98999999999995,183.04999999999995,20433
2026-03-05T16:00:00+00:00,183.04999999999995,183.18999999999994,181.84999999999997,181.90999999999997,19840
2026-03-05T16:30:00+00:00,181.90999999999997,182.79999999999995,181.90999999999997,182.14999999999995,16668
2026-03-05T17:00:00+00:00,182.14999999999995,182.95999999999995,180.20999999999995,180.20999999999995,15247
2026-03-05T17:30:00+00:00,180.20999999999995,180.34999999999997,177.07999999999996,177.80999999999995,23664
2026-03-05T18:00:00+00:00,177.80999999999995,179.24999999999994,177.77999999999994,178.01999999999995,19867
2026-03-05T18:30:00+00:00,178.01999999999995,179.31999999999996,177.93999999999994,179.11999999999995,16870
2026-03-05T19:00:00+00:00,179.11999999999995,180.14999999999995,179.00999999999996,179.87999999999997,15332
2026-03-05T19:30:00+00:00,179.87999999999997,180.02999999999994,179.01999999999995,179.70999999999995,13807
2026-03-05T20:00:00+00:00,179.70999999999995,181.51999999999995,179.54999999999995,180.99999999999994,17174
2026-03-05T20:30:00+00:00,180.99999999999994,182.56999999999996,180.82999999999996,182.45999999999995,17023
2026-03-06T14:30:00+00:00,182.45999999999995,182.45999999999995,178.74999999999994,181.00999999999996,29705
2026-03-06T15:00:00+00:00,181.00999999999996,181.88999999999996,180.59999999999997,180.93999999999994,26501
2026-03-06T15:30:00+00:00,180.93999999999994,181.53999999999996,180.01999999999995,181.07999999999996,20149
2026-03-06T16:00:00+00:00,181.07999999999996,181.25999999999996,180.15999999999997,180.83999999999995,18178
2026-03-06T16:30:00+00:00,180.83999999999995,181.58999999999995,180.36999999999995,181.45999999999995,18160
2026-03-06T17:00:00+00:00,181.45999999999995,181.59999999999997,180.16999999999996,180.29999999999995,16027
2026-03-06T17:30:00+00:00,180.29999999999995,180.34999999999997,179.63999999999996,179.94999999999996,13155
2026-03-06T18:00:00+00:00,179.94999999999996,180.95999999999995,179.75999999999996,180.59999999999997,13761
2026-03-06T18:30:00+00:00,180.59999999999997,180.89999999999995,179.94999999999996,179.99999999999994,13774
2026-03-06T19:00:00+00:00,179.99999999999994,180.13999999999996,179.30999999999995,179.66999999999996,12213
2026-03-06T19:30:00+00:00,179.66999999999996,179.89999999999995,179.02999999999994,179.18999999999994,11189
2026-03-06T20:00:00+00:00,179.18999999999994,179.45999999999995,176.11999999999995,176.25999999999996,15986
2026-03-06T20:30:00+00:00,176.25999999999996,177.51999999999995,175.94999999999996,176.83999999999995,20413
2026-03-09T13:30:00+00:00,176.83999999999995,177.25999999999996,174.70999999999995,176.06999999999996,27103
2026-03-09T14:00:00+00:00,176.06999999999996,177.63999999999996,175.38999999999996,177.21999999999994,26672
2026-03-09T14:30:00+00:00,177.21999999999994,178.48999999999995,177.12999999999997,177.85999999999996,20537
2026-03-09T15:00:00+00:00,177.85999999999996,178.57999999999996,177.77999999999994,178.30999999999995,15020
2026-03-09T15:30:00+00:00,178.30999999999995,179.25999999999996,177.92999999999995,178.86999999999995,13422
2026-03-09T16:00:00+00:00,178.86999999999995,179.75999999999996,178.68999999999994,179.58999999999995,11549
2026-03-09T16:30:00+00:00,179.58999999999995,180.04999999999995,179.15999999999997,179.27999999999994,11459
2026-03-09T17:00:00+00:00,179.27999999999994,179.28999999999996,178.31999999999996,178.51999999999995,11443
2026-03-09T17:30:00+00:00,178.51999999999995,178.82999999999996,178.15999999999997,178.77999999999994,11737
2026-03-09T18:00:00+00:00,178.77999999999994,179.32999999999996,178.76999999999995,179.04999999999995,10701
2026-03-09T18:30:00+00:00,179.04999999999995,179.60999999999996,178.42999999999995,178.45999999999995,8894
2026-03-09T19:00:00+00:00,178.45999999999995,181.18999999999994,178.44999999999996,181.14999999999995,16753
2026-03-09T19:30:00+00:00,181.14999999999995,182.01999999999995,180.57999999999996,181.77999999999994,24717
2026-03-10T13:30:00+00:00,181.77999999999994,183.00999999999996,181.13999999999996,181.88999999999996,23539
2026-03-10T14:00:00+00:00,181.88999999999996,183.34999999999997,181.34999999999997,183.16999999999996,18899
2026-03-10T14:30:00+00:00,183.16999999999996,184.83999999999995,183.14999999999995,184.60999999999996,13178
2026-03-10T15:00:00+00:00,184.60999999999996,185.54999999999995,184.36999999999995,185.08999999999995,11451
2026-03-10T15:30:00+00:00,185.08999999999995,185.24999999999994,184.55999999999995,185.06999999999996,11141
2026-03-10T16:00:00+00:00,185.06999999999996,185.06999999999996,184.16999999999996,184.41999999999996,11029
2026-03-10T16:30:00+00:00,184.41999999999996,184.94999999999996,184.36999999999995,184.75999999999996,9458
2026-03-10T17:00:00+00:00,184.75999999999996,185.35999999999996,184.67999999999995,185.25999999999996,9088
2026-03-10T17:30:00+00:00,185.25999999999996,185.26999999999995,184.23999999999995,184.85999999999996,12727
2026-03-10T18:00:00+00:00,184.85999999999996,184.93999999999994,183.23999999999995,184.02999999999994,18139
2026-03-10T18:30:00+00:00,184.02999999999994,184.37999999999997,183.37999999999997,183.51999999999995,17546
2026-03-10T19:00:00+00:00,183.51999999999995,184.16999999999996,183.15999999999997,183.53999999999996,14785
2026-03-10T19:30:00+00:00,183.53999999999996,183.96999999999994,182.41999999999996,183.86999999999995,17399
2026-03-11T13:30:00+00:00,183.86999999999995,184.95999999999995,182.91999999999996,184.85999999999996,21963
2026-03-11T14:00:00+00:00,184.85999999999996,185.57999999999996,184.38999999999996,184.88999999999996,22238
2026-03-11T14:30:00+00:00,184.88999999999996,184.90999999999994,183.85999999999996,184.40999999999994,15032
2026-03-11T15:00:00+00:00,184.40999999999994,184.75999999999996,183.03999999999994,183.04999999999995,15377
2026-03-11T15:30:00+00:00,183.04999999999995,183.79999999999995,182.81999999999994,183.58999999999995,13479
2026-03-11T16:00:00+00:00,183.58999999999995,183.71999999999994,183.23999999999995,183.51999999999995,13112
2026-03-11T16:30:00+00:00,183.51999999999995,184.04999999999995,183.48999999999995,183.68999999999994,9760
2026-03-11T17:00:00+00:00,183.68999999999994,183.85999999999996,183.22999999999996,183.58999999999995,7603
2026-03-11T17:30:00+00:00,183.58999999999995,183.68999999999994,182.43999999999994,183.12999999999994,14995
2026-03-11T18:00:00+00:00,183.12999999999994,183.21999999999994,182.69999999999996,183.12999999999994,9079
2026-03-11T18:30:00+00:00,183.12999999999994,183.71999999999994,182.99999999999994,183.58999999999995,6972
2026-03-11T19:00:00+00:00,183.58999999999995,183.68999999999994,183.22999999999996,183.33999999999995,7064
2026-03-11T19:30:00+00:00,183.33999999999995,184.01999999999995,183.20999999999995,183.98999999999995,6939
2026-03-12T13:30:00+00:00,183.98999999999995,183.98999999999995,180.02999999999994,180.35999999999996,20356
2026-03-12T14:00:00+00:00,180.35999999999996,181.21999999999994,180.06999999999994,180.06999999999994,17985
2026-03-12T14:30:00+00:00,180.06999999999994,180.89999999999995,179.73999999999995,180.36999999999995,16406
2026-03-12T15:00:00+00:00,180.36999999999995,180.93999999999994,179.79999999999995,180.87999999999994,14075
2026-03-12T15:30:00+00:00,180.87999999999994,182.36999999999995,180.74999999999994,182.30999999999995,17249
2026-03-12T16:00:00+00:00,182.30999999999995,182.91999999999996,181.97999999999996,182.25999999999996,15699
2026-03-12T16:30:00+00:00,182.25999999999996,182.70999999999995,181.68999999999994,181.95999999999995,13603
2026-03-12T17:00:00+00:00,181.95999999999995,182.53999999999994,181.50999999999996,181.72999999999996,7423
2026-03-12T17:30:00+00:00,181.72999999999996,182.16999999999996,181.14999999999995,181.51999999999995,9926
2026-03-12T18:00:00+00:00,181.51999999999995,181.96999999999994,181.22999999999996,181.53999999999994,9388
2026-03-12T18:30:00+00:00,181.53999999999994,181.60999999999996,180.90999999999994,181.05999999999995,7340
2026-03-12T19:00:00+00:00,181.05999999999995,181.58999999999995,180.75999999999996,181.40999999999994,10331
2026-03-12T19:30:00+00:00,181.40999999999994,181.64999999999995,180.69999999999996,181.08999999999995,11507
2026-03-13T13:30:00+00:00,181.08999999999995,184.04999999999995,181.08999999999995,182.86999999999995,20547
2026-03-13T14:00:00+00:00,182.86999999999995,183.07999999999996,181.58999999999995,181.90999999999994,19807
2026-03-13T14:30:00+00:00,181.90999999999994,182.21999999999994,179.98999999999995,180.10999999999996,19649
2026-03-13T15:00:00+00:00,180.10999999999996,180.81999999999994,179.63999999999996,179.86999999999995,17094
2026-03-13T15:30:00+00:00,179.86999999999995,180.23999999999995,178.72999999999996,179.03999999999994,17297
2026-03-13T16:00:00+00:00,179.03999999999994,179.56999999999994,178.69999999999996,179.11999999999995,15864
2026-03-13T16:30:00+00:00,179.11999999999995,179.74999999999994,178.95999999999995,179.04999999999995,13876
2026-03-13T17:00:00+00:00,179.04999999999995,179.64999999999995,178.89999999999995,179.51999999999995,11547
2026-03-13T17:30:00+00:00,179.51999999999995,179.57999999999996,178.42999999999995,178.48999999999995,11156
2026-03-13T18:00:00+00:00,178.48999999999995,178.59999999999994,177.98999999999995,178.52999999999994,9452
2026-03-13T18:30:00+00:00,178.52999999999994,179.11999999999995,178.35999999999996,179.00999999999996,8198
2026-03-13T19:00:00+00:00,179.00999999999996,179.01999999999995,178.25999999999996,178.68999999999994,7712
2026-03-13T19:30:00+00:00,178.68999999999994,178.80999999999995,177.90999999999994,178.22999999999996,7399
2026-03-16T13:30:00+00:00,178.22999999999996,183.02999999999994,178.22999999999996,182.49999999999994,18088
2026-03-16T14:00:00+00:00,182.49999999999994,182.52999999999994,181.84999999999994,182.04999999999995,12688
2026-03-16T14:30:00+00:00,182.04999999999995,182.21999999999994,181.28999999999994,182.07999999999996,13457
2026-03-16T15:00:00+00:00,182.07999999999996,182.89999999999995,181.67999999999995,182.70999999999995,8275
2026-03-16T15:30:00+00:00,182.70999999999995,182.91999999999996,182.08999999999995,182.08999999999995,6631
2026-03-16T16:00:00+00:00,182.08999999999995,182.40999999999994,181.59999999999994,181.89999999999995,10269
2026-03-16T16:30:00+00:00,181.89999999999995,182.53999999999994,181.74999999999994,182.41999999999996,8504
2026-03-16T17:00:00+00:00,182.41999999999996,183.04999999999995,182.39999999999995,182.74999999999994,7796
2026-03-16T17:30:00+00:00,182.74999999999994,182.88999999999996,182.23999999999995,182.46999999999994,5887
2026-03-16T18:00:00+00:00,182.46999999999994,183.50999999999996,182.42999999999995,182.91999999999996,5438
2026-03-16T18:30:00+00:00,182.91999999999996,183.03999999999994,181.76999999999995,181.81999999999994,4960
2026-03-16T19:00:00+00:00,181.81999999999994,186.80999999999995,179.67999999999995,179.80999999999995,20623
2026-03-16T19:30:00+00:00,179.80999999999995,181.62999999999994,179.39999999999995,181.15999999999994,15844
2026-03-17T13:30:00+00:00,181.15999999999994,183.33999999999995,180.93999999999994,181.06999999999994,18635
2026-03-17T14:00:00+00:00,181.06999999999994,181.56999999999994,179.87999999999994,181.05999999999995,15906
2026-03-17T14:30:00+00:00,181.05999999999995,181.38999999999996,180.61999999999995,180.99999999999994,11628
2026-03-17T15:00:00+00:00,180.99999999999994,181.19999999999996,180.22999999999996,180.42999999999995,10604
2026-03-17T15:30:00+00:00,180.42999999999995,180.56999999999994,179.65999999999994,180.15999999999994,10693
2026-03-17T16:00:00+00:00,180.15999999999994,181.08999999999995,179.71999999999994,180.67999999999995,12473
2026-03-17T16:30:00+00:00,180.67999999999995,180.93999999999994,179.92999999999995,180.01999999999995,9287
2026-03-17T17:00:00+00:00,180.01999999999995,180.68999999999994,180.01999999999995,180.40999999999994,4942
2026-03-17T17:30:00+00:00,180.40999999999994,181.20999999999995,180.36999999999995,180.95999999999995,4891
2026-03-17T18:00:00+00:00,180.95999999999995,181.45999999999995,180.93999999999994,181.00999999999996,5490
2026-03-17T18:30:00+00:00,181.00999999999996,181.13999999999996,180.29999999999995,180.31999999999994,4723
2026-03-17T19:00:00+00:00,180.31999999999994,180.67999999999995,180.02999999999994,180.63999999999996,4708
2026-03-17T19:30:00+00:00,180.63999999999996,180.91999999999996,179.77999999999994,179.93999999999994,6937
2026-03-18T13:30:00+00:00,179.93999999999994,180.74999999999994,178.70999999999995,180.41999999999996,17057
2026-03-18T14:00:00+00:00,180.41999999999996,181.35999999999996,180.09999999999994,180.27999999999994,15406
2026-03-18T14:30:00+00:00,180.27999999999994,180.78999999999994,179.81999999999994,180.74999999999994,11620
2026-03-18T15:00:00+00:00,180.74999999999994,181.21999999999994,180.24999999999994,180.53999999999994,11354
2026-03-18T15:30:00+00:00,180.53999999999994,180.68999999999994,180.29999999999995,180.44999999999996,8866
2026-03-18T16:00:00+00:00,180.44999999999996,180.83999999999995,180.32999999999996,180.73999999999995,7485
2026-03-18T16:30:00+00:00,180.73999999999995,180.74999999999994,180.07999999999996,180.39999999999995,7555
2026-03-18T17:00:00+00:00,180.39999999999995,180.42999999999995,179.80999999999995,180.02999999999994,6409
2026-03-18T17:30:00+00:00,180.02999999999994,180.70999999999995,179.78999999999994,180.60999999999996,5557
2026-03-18T18:00:00+00:00,180.60999999999996,181.11999999999995,180.00999999999996,180.30999999999995,7802
2026-03-18T18:30:00+00:00,180.30999999999995,180.37999999999994,179.06999999999994,179.19999999999996,10274
2026-03-18T19:00:00+00:00,179.19999999999996,179.65999999999994,178.85999999999996,179.20999999999995,9912
2026-03-18T19:30:00+00:00,179.20999999999995,179.36999999999995,178.30999999999995,178.33999999999995,8821
2026-03-19T13:30:00+00:00,178.33999999999995,178.33999999999995,173.77999999999994,175.65999999999994,23387
2026-03-19T14:00:00+00:00,175.65999999999994,176.37999999999994,175.19999999999996,175.58999999999995,19721
2026-03-19T14:30:00+00:00,175.58999999999995,176.45999999999995,175.52999999999994,176.18999999999994,17252
2026-03-19T15:00:00+00:00,176.18999999999994,177.03999999999994,176.00999999999996,176.20999999999995,14361
2026-03-19T15:30:00+00:00,176.20999999999995,176.34999999999994,175.63999999999996,176.28999999999994,14915
2026-03-19T16:00:00+00:00,176.28999999999994,176.92999999999995,176.13999999999996,176.77999999999994,13229
2026-03-19T16:30:00+00:00,176.77999999999994,176.88999999999996,176.02999999999994,176.12999999999994,10394
2026-03-19T17:00:00+00:00,176.12999999999994,176.73999999999995,175.53999999999994,176.53999999999994,8890
2026-03-19T17:30:00+00:00,176.53999999999994,176.73999999999995,175.94999999999996,176.22999999999996,7068
2026-03-19T18:00:00+00:00,176.22999999999996,177.22999999999996,176.05999999999995,176.94999999999996,7147
2026-03-19T18:30:00+00:00,176.94999999999996,176.97999999999996,176.06999999999994,176.62999999999994,7402
2026-03-19T19:00:00+00:00,176.62999999999994,177.96999999999994,176.55999999999995,177.12999999999994,21664
2026-03-19T19:30:00+00:00,177.12999999999994,177.12999999999994,175.88999999999996,176.52999999999994,15165
2026-03-20T13:30:00+00:00,176.52999999999994,176.52999999999994,173.81999999999994,173.81999999999994,19430
2026-03-20T14:00:00+00:00,173.81999999999994,174.31999999999994,173.40999999999994,173.72999999999996,18799
2026-03-20T14:30:00+00:00,173.72999999999996,174.08999999999995,172.97999999999996,173.81999999999994,14519
2026-03-20T15:00:00+00:00,173.81999999999994,174.22999999999996,173.45999999999995,173.68999999999994,14131
2026-03-20T15:30:00+00:00,173.68999999999994,174.01999999999995,173.52999999999994,173.84999999999994,10612
2026-03-20T16:00:00+00:00,173.84999999999994,174.43999999999994,173.75999999999996,173.96999999999994,8955
2026-03-20T16:30:00+00:00,173.96999999999994,173.97999999999996,173.36999999999995,173.58999999999995,8017
2026-03-20T17:00:00+00:00,173.58999999999995,173.90999999999994,173.00999999999996,173.04999999999995,8730
2026-03-20T17:30:00+00:00,173.04999999999995,173.07999999999996,172.48999999999995,172.91999999999996,7547
2026-03-20T18:00:00+00:00,172.91999999999996,172.99999999999994,171.92999999999995,172.22999999999996,8644
2026-03-20T18:30:00+00:00,172.22999999999996,172.31999999999994,171.24999999999994,171.44999999999996,8670
2026-03-20T19:00:00+00:00,171.44999999999996,171.73999999999995,170.34999999999994,170.39999999999995,9046
2026-03-20T19:30:00+00:00,170.39999999999995,171.02999999999994,169.69999999999996,170.96999999999994,13302
2026-03-23T13:30:00+00:00,170.96999999999994,175.88999999999996,170.96999999999994,175.81999999999994,25162
2026-03-23T14:00:00+00:00,175.81999999999994,176.20999999999995,174.65999999999994,175.84999999999994,19411
2026-03-23T14:30:00+00:00,175.84999999999994,176.06999999999994,175.20999999999995,175.63999999999996,16962
2026-03-23T15:00:00+00:00,175.63999999999996,176.34999999999994,175.37999999999994,175.55999999999995,13928
2026-03-23T15:30:00+00:00,175.55999999999995,175.76999999999995,173.00999999999996,173.09999999999994,17593
2026-03-23T16:00:00+00:00,173.09999999999994,173.74999999999994,172.73999999999995,172.80999999999995,19846
2026-03-23T16:30:00+00:00,172.80999999999995,173.86999999999995,172.76999999999995,173.51999999999995,16645
2026-03-23T17:00:00+00:00,173.51999999999995,173.66999999999996,172.95999999999995,173.27999999999994,12549
2026-03-23T17:30:00+00:00,173.27999999999994,174.19999999999996,173.23999999999995,174.17999999999995,11407
2026-03-23T18:00:00+00:00,174.17999999999995,174.38999999999996,173.82999999999996,174.07999999999996,10299
2026-03-23T18:30:00+00:00,174.07999999999996,174.94999999999996,174.06999999999994,174.55999999999995,9765
2026-03-23T19:00:00+00:00,174.55999999999995,174.63999999999996,174.15999999999994,174.20999999999995,7820
2026-03-23T19:30:00+00:00,174.20999999999995,174.67999999999995,173.49999999999994,173.50999999999996,8229
2026-03-24T13:30:00+00:00,173.50999999999996,173.88999999999996,172.07999999999996,172.91999999999996,17397
2026-03-24T14:00:00+00:00,172.91999999999996,173.30999999999995,171.95999999999995,172.24999999999994,18482
2026-03-24T14:30:00+00:00,172.24999999999994,173.35999999999996,172.10999999999996,172.76999999999995,18453
2026-03-24T15:00:00+00:00,172.76999999999995,174.14999999999995,172.75999999999996,173.60999999999996,16048
2026-03-24T15:30:00+00:00,173.60999999999996,173.88999999999996,173.19999999999996,173.30999999999995,10085
2026-03-24T16:00:00+00:00,173.30999999999995,173.70999999999995,172.89999999999995,173.30999999999995,9792
2026-03-24T16:30:00+00:00,173.30999999999995,173.46999999999994,172.64999999999995,173.12999999999994,9216
2026-03-24T17:00:00+00:00,173.12999999999994,173.26999999999995,172.35999999999996,172.69999999999996,12024
2026-03-24T17:30:00+00:00,172.69999999999996,173.36999999999995,172.37999999999994,173.34999999999994,10805
2026-03-24T18:00:00+00:00,173.34999999999994,173.58999999999995,173.02999999999994,173.41999999999996,9560
2026-03-24T18:30:00+00:00,173.41999999999996,174.20999999999995,173.27999999999994,173.48999999999995,9157
2026-03-24T19:00:00+00:00,173.48999999999995,173.73999999999995,173.41999999999996,173.49999999999994,6251
2026-03-24T19:30:00+00:00,173.49999999999994,173.60999999999996,172.83999999999995,173.28999999999994,8420
2026-03-25T13:30:00+00:00,173.28999999999994,177.82999999999996,173.28999999999994,176.14999999999995,19822
2026-03-25T14:00:00+00:00,176.14999999999995,178.28999999999994,175.86999999999995,178.03999999999994,18329
2026-03-25T14:30:00+00:00,178.03999999999994,179.19999999999996,177.80999999999995,178.48999999999995,13309
2026-03-25T15:00:00+00:00,178.48999999999995,178.51999999999995,177.17999999999995,177.97999999999996,15433
2026-03-25T15:30:00+00:00,177.97999999999996,178.03999999999994,177.11999999999995,177.33999999999995,12742
2026-03-25T16:00:00+00:00,177.33999999999995,177.42999999999995,176.70999999999995,177.10999999999996,11931
2026-03-25T16:30:00+00:00,177.10999999999996,177.32999999999996,176.83999999999995,176.91999999999996,8493
2026-03-25T17:00:00+00:00,176.91999999999996,177.11999999999995,176.48999999999995,176.90999999999994,8603
2026-03-25T17:30:00+00:00,176.90999999999994,177.54999999999995,176.63999999999996,176.95999999999995,9647
2026-03-25T18:00:00+00:00,176.95999999999995,177.30999999999995,176.77999999999994,177.01999999999995,6682
2026-03-25T18:30:00+00:00,177.01999999999995,177.16999999999996,176.05999999999995,176.26999999999995,6751
2026-03-25T19:00:00+00:00,176.26999999999995,176.79999999999995,175.80999999999995,176.58999999999995,7712
2026-03-25T19:30:00+00:00,176.58999999999995,176.99999999999994,176.22999999999996,176.66999999999996,5693
2026-03-26T13:30:00+00:00,176.66999999999996,176.66999999999996,173.13999999999996,173.66999999999996,20266
2026-03-26T14:00:00+00:00,173.66999999999996,173.85999999999996,172.77999999999994,172.78999999999994,16364
2026-03-26T14:30:00+00:00,172.78999999999994,173.13999999999996,171.01999999999995,171.59999999999994,18953
2026-03-26T15:00:00+00:00,171.59999999999994,172.25999999999996,171.57999999999996,172.05999999999995,14092
2026-03-26T15:30:00+00:00,172.05999999999995,172.82999999999996,171.67999999999995,172.64999999999995,10867
2026-03-26T16:00:00+00:00,172.64999999999995,172.71999999999994,171.73999999999995,171.77999999999994,9190
2026-03-26T16:30:00+00:00,171.77999999999994,171.95999999999995,171.43999999999994,171.80999999999995,9207
2026-03-26T17:00:00+00:00,171.80999999999995,171.97999999999996,171.31999999999994,171.52999999999994,7159
2026-03-26T17:30:00+00:00,171.52999999999994,171.68999999999994,169.80999999999995,169.89999999999995,8658
2026-03-26T18:00:00+00:00,169.89999999999995,170.48999999999995,169.88999999999996,170.08999999999995,9514
2026-03-26T18:30:00+00:00,170.08999999999995,170.48999999999995,169.94999999999996,170.27999999999994,6615
2026-03-26T19:00:00+00:00,170.27999999999994,170.37999999999994,169.53999999999994,170.09999999999994,6631
2026-03-26T19:30:00+00:00,170.09999999999994,170.13999999999996,169.11999999999995,169.23999999999995,8936
2026-03-27T13:30:00+00:00,169.23999999999995,169.23999999999995,166.13999999999996,166.36999999999995,20474
2026-03-27T14:00:00+00:00,166.36999999999995,167.36999999999995,165.77999999999994,165.81999999999994,19539
2026-03-27T14:30:00+00:00,165.81999999999994,166.89999999999995,165.52999999999994,166.66999999999996,15037
2026-03-27T15:00:00+00:00,166.66999999999996,167.54999999999995,166.21999999999994,167.54999999999995,14582
2026-03-27T15:30:00+00:00,167.54999999999995,167.91999999999996,167.16999999999996,167.54999999999995,11789
2026-03-27T16:00:00+00:00,167.54999999999995,167.62999999999994,166.68999999999994,166.78999999999994,8199
2026-03-27T16:30:00+00:00,166.78999999999994,167.18999999999994,166.34999999999994,166.84999999999994,7743
2026-03-27T17:00:00+00:00,166.84999999999994,167.25999999999996,165.80999999999995,165.81999999999994,8553
2026-03-27T17:30:00+00:00,165.81999999999994,166.20999999999995,165.57999999999996,165.84999999999994,6392
2026-03-27T18:00:00+00:00,165.84999999999994,166.19999999999993,165.73999999999995,165.95999999999995,7004.73853096014
2026-03-27T18:30:00+00:00,165.95999999999995,166.23999999999995,165.25999999999993,165.42999999999995,5635
2026-03-27T19:00:00+00:00,165.42999999999995,165.69999999999993,165.18999999999994,165.39999999999995,5070
2026-03-27T19:30:00+00:00,165.39999999999995,165.89999999999995,164.95999999999995,165.39999999999995,8693
2026-03-30T13:30:00+00:00,165.39999999999995,167.37999999999994,164.16999999999993,164.24999999999994,21854
2026-03-30T14:00:00+00:00,164.24999999999994,166.04999999999993,164.22999999999993,164.87999999999994,19471
2026-03-30T14:30:00+00:00,164.87999999999994,165.97999999999993,164.21999999999994,165.91999999999993,19024
2026-03-30T15:00:00+00:00,165.91999999999993,166.20999999999995,164.50999999999993,164.94999999999993,14149
2026-03-30T15:30:00+00:00,164.94999999999993,165.98999999999995,164.80999999999995,165.32999999999993,12003
2026-03-30T16:00:00+00:00,165.32999999999993,165.38999999999993,164.30999999999995,164.44999999999993,10014
2026-03-30T16:30:00+00:00,164.44999999999993,164.88999999999993,164.19999999999993,164.54999999999993,7703
2026-03-30T17:00:00+00:00,164.54999999999993,164.78999999999994,163.76999999999992,163.82999999999993,8949
2026-03-30T17:30:00+00:00,163.82999999999993,164.41999999999993,163.54999999999993,164.14999999999995,9902
2026-03-30T18:00:00+00:00,164.14999999999995,164.23999999999995,163.59999999999994,163.65999999999994,7122
2026-03-30T18:30:00+00:00,163.65999999999994,164.03999999999994,163.14999999999995,163.24999999999994,7058
2026-03-30T19:00:00+00:00,163.24999999999994,163.43999999999994,162.24999999999994,162.43999999999994,9699
2026-03-30T19:30:00+00:00,162.43999999999994,163.49999999999994,162.22999999999993,163.06999999999994,10949
2026-03-31T13:30:00+00:00,163.06999999999994,168.10999999999993,163.06999999999994,168.03999999999994,18331
2026-03-31T14:00:00+00:00,168.03999999999994,169.03999999999994,167.15999999999994,168.94999999999993,17244
2026-03-31T14:30:00+00:00,168.94999999999993,169.34999999999994,167.51999999999992,167.99999999999994,16830
2026-03-31T15:00:00+00:00,167.99999999999994,168.69999999999993,167.93999999999994,168.27999999999994,15571
2026-03-31T15:30:00+00:00,168.27999999999994,168.57999999999993,167.75999999999993,167.79999999999993,13640
2026-03-31T16:00:00+00:00,167.79999999999993,169.24999999999994,167.70999999999995,169.00999999999993,10359
2026-03-31T16:30:00+00:00,169.00999999999993,171.83999999999995,168.71999999999994,170.88999999999993,25916
2026-03-31T17:00:00+00:00,170.88999999999993,171.84999999999994,170.70999999999995,171.23999999999995,21315
2026-03-31T17:30:00+00:00,171.23999999999995,171.68999999999994,170.23999999999995,170.39999999999995,17786
2026-03-31T18:00:00+00:00,170.39999999999995,171.43999999999994,170.37999999999994,171.20999999999995,11305
2026-03-31T18:30:00+00:00,171.20999999999995,171.96999999999994,170.97999999999993,171.67999999999995,9096
2026-03-31T19:00:00+00:00,171.67999999999995,172.23999999999995,171.52999999999994,171.89999999999995,10376
2026-03-31T19:30:00+00:00,171.89999999999995,172.57999999999993,171.79999999999993,172.34999999999994,12009
2026-04-01T13:30:00+00:00,172.34999999999994,174.54999999999993,172.34999999999994,173.83999999999995,19177
2026-04-01T14:00:00+00:00,173.83999999999995,174.39999999999995,173.49999999999994,174.17999999999995,17812
2026-04-01T14:30:00+00:00,174.17999999999995,174.67999999999995,173.45999999999995,174.62999999999994,14247
2026-04-01T15:00:00+00:00,174.62999999999994,175.08999999999995,174.43999999999994,174.44999999999993,8259
2026-04-01T15:30:00+00:00,174.44999999999993,175.22999999999993,174.35999999999993,175.07999999999993,6826
2026-04-01T16:00:00+00:00,175.07999999999993,175.33999999999995,174.85999999999993,175.04999999999993,5775
2026-04-01T16:30:00+00:00,175.04999999999993,175.12999999999994,174.56999999999994,174.60999999999993,3833
2026-04-01T17:00:00+00:00,174.60999999999993,175.05999999999995,174.57999999999993,174.62999999999994,2973
2026-04-01T17:30:00+00:00,174.62999999999994,174.68999999999994,173.80999999999995,173.90999999999994,3801
2026-04-01T18:00:00+00:00,173.90999999999994,174.00999999999993,172.83999999999995,173.02999999999994,10347
2026-04-01T18:30:00+00:00,173.02999999999994,173.63999999999993,172.75999999999993,173.42999999999995,9765
2026-04-01T19:00:00+00:00,173.42999999999995,174.28999999999994,173.34999999999994,173.95999999999995,7018
2026-04-01T19:30:00+00:00,173.95999999999995,174.22999999999993,173.45999999999995,173.79999999999993,8229
2026-04-02T13:30:00+00:00,173.79999999999993,173.79999999999993,169.33999999999995,172.02999999999994,22052
2026-04-02T14:00:00+00:00,172.02999999999994,173.06999999999994,171.57999999999993,171.98999999999995,20402
2026-04-02T14:30:00+00:00,171.98999999999995,174.63999999999993,171.88999999999993,174.32999999999996,25583.106812735365
2026-04-02T15:00:00+00:00,174.32999999999996,175.13999999999996,173.73999999999995,174.66999999999996,19485
2026-04-02T15:30:00+00:00,174.66999999999996,175.00999999999996,174.04999999999995,174.47999999999996,16011
2026-04-02T16:00:00+00:00,174.47999999999996,174.74999999999994,173.68999999999994,174.09999999999994,12926
2026-04-02T16:30:00+00:00,174.09999999999994,174.80999999999995,173.74999999999994,174.35999999999996,11756
2026-04-02T17:00:00+00:00,174.35999999999996,174.89999999999995,174.18999999999994,174.74999999999994,9136
2026-04-02T17:30:00+00:00,174.74999999999994,174.85999999999996,174.08999999999995,174.35999999999996,9360
2026-04-02T18:00:00+00:00,174.35999999999996,175.03999999999994,174.35999999999996,174.50999999999996,8579
2026-04-02T18:30:00+00:00,174.50999999999996,175.08999999999995,174.47999999999996,174.82999999999996,6955
2026-04-02T19:00:00+00:00,174.82999999999996,175.45999999999995,174.80999999999995,174.87999999999994,7837
2026-04-02T19:30:00+00:00,174.87999999999994,175.46999999999994,174.84999999999994,175.41999999999996,8786
2026-04-06T13:30:00+00:00,175.41999999999996,175.69999999999996,173.74999999999994,175.00999999999996,18262
2026-04-06T14:00:00+00:00,175.00999999999996,175.30999999999995,173.95999999999995,174.75999999999996,17598
2026-04-06T14:30:00+00:00,174.75999999999996,174.93999999999994,174.14999999999995,174.57999999999996,15691
2026-04-06T15:00:00+00:00,174.57999999999996,174.93999999999994,174.38999999999996,174.45999999999995,10676
2026-04-06T15:30:00+00:00,174.45999999999995,175.59999999999994,174.43999999999994,175.42999999999995,8344
2026-04-06T16:00:00+00:00,175.42999999999995,175.46999999999994,174.91999999999996,175.13999999999996,6023
2026-04-06T16:30:00+00:00,175.13999999999996,175.42999999999995,174.83999999999995,174.97999999999996,6227
2026-04-06T17:00:00+00:00,174.97999999999996,175.02999999999994,174.01999999999995,174.92999999999995,10550
2026-04-06T17:30:00+00:00,174.92999999999995,175.12999999999994,174.52999999999994,174.58999999999995,7269
2026-04-06T18:00:00+00:00,174.58999999999995,175.28999999999994,174.41999999999996,174.96999999999994,9209
2026-04-06T18:30:00+00:00,174.96999999999994,175.29999999999995,174.72999999999996,175.14999999999995,4847
2026-04-06T19:00:00+00:00,175.14999999999995,175.40999999999994,175.00999999999996,175.21999999999994,4527
2026-04-06T19:30:00+00:00,175.21999999999994,175.66999999999996,175.05999999999995,175.57999999999996,5165
2026-04-07T13:30:00+00:00,175.57999999999996,175.57999999999996,173.21999999999994,173.29999999999995,18391
2026-04-07T14:00:00+00:00,173.29999999999995,173.61999999999995,172.41999999999996,173.04999999999995,16909
2026-04-07T14:30:00+00:00,173.04999999999995,173.14999999999995,172.20999999999995,172.23999999999995,15150
2026-04-07T15:00:00+00:00,172.23999999999995,173.04999999999995,171.63999999999996,173.00999999999996,14657
2026-04-07T15:30:00+00:00,173.00999999999996,173.45999999999995,172.65999999999994,173.19999999999996,10831
2026-04-07T16:00:00+00:00,173.19999999999996,173.92999999999995,172.93999999999994,173.38999999999996,13907
2026-04-07T16:30:00+00:00,173.38999999999996,173.93999999999994,173.25999999999996,173.50999999999996,8375
2026-04-07T17:00:00+00:00,173.50999999999996,173.82999999999996,173.28999999999994,173.37999999999994,7873
2026-04-07T17:30:00+00:00,173.37999999999994,174.16999999999996,173.31999999999994,173.74999999999994,9340
2026-04-07T18:00:00+00:00,173.74999999999994,174.04999999999995,173.59999999999994,173.66999999999996,6327
2026-04-07T18:30:00+00:00,173.66999999999996,173.77999999999994,172.95999999999995,173.22999999999996,7840
2026-04-07T19:00:00+00:00,173.22999999999996,174.85999999999996,173.08999999999995,174.26999999999995,13824
2026-04-07T19:30:00+00:00,174.26999999999995,176.18999999999994,174.05999999999995,176.08999999999995,15457
2026-04-08T13:30:00+00:00,176.08999999999995,183.19999999999996,176.08999999999995,180.61999999999995,19925
2026-04-08T14:00:00+00:00,180.61999999999995,180.77999999999994,179.22999999999996,179.78999999999994,15191
2026-04-08T14:30:00+00:00,179.78999999999994,179.90999999999994,178.27999999999994,178.85999999999996,15681.255434782608
2026-04-08T15:00:00+00:00,178.85999999999996,179.65999999999997,178.82999999999996,179.26999999999995,12385
2026-04-08T15:30:00+00:00,179.26999999999995,179.88999999999996,179.09999999999997,179.60999999999996,8539
2026-04-08T16:00:00+00:00,179.60999999999996,179.98999999999998,179.23999999999998,179.41999999999996,6916
2026-04-08T16:30:00+00:00,179.41999999999996,179.74999999999997,179.34999999999997,179.54999999999995,5758
2026-04-08T17:00:00+00:00,179.54999999999995,179.77999999999997,179.33999999999997,179.41999999999996,5573
2026-04-08T17:30:00+00:00,179.41999999999996,179.81999999999996,179.24999999999997,179.70999999999998,6020
2026-04-08T18:00:00+00:00,179.70999999999998,180.14999999999998,179.43999999999997,179.66999999999996,8431
2026-04-08T18:30:00+00:00,179.66999999999996,180.00999999999996,179.05999999999997,179.11999999999998,7045
2026-04-08T19:00:00+00:00,179.11999999999998,179.93999999999997,179.05999999999997,179.66999999999996,7996
2026-04-08T19:30:00+00:00,179.66999999999996,180.18999999999997,179.60999999999996,180.08999999999997,7334
2026-04-09T13:30:00+00:00,180.08999999999997,180.21999999999997,178.58999999999997,179.43999999999997,14450
2026-04-09T14:00:00+00:00,179.43999999999997,180.21999999999997,179.23999999999998,179.56999999999996,11195
2026-04-09T14:30:00+00:00,179.56999999999996,180.72999999999996,179.33999999999997,180.49999999999997,9157
2026-04-09T15:00:00+00:00,180.49999999999997,181.49999999999997,180.32999999999996,180.80999999999997,7809
2026-04-09T15:30:00+00:00,180.80999999999997,181.53999999999996,180.68999999999997,181.36999999999998,12148
2026-04-09T16:00:00+00:00,181.36999999999998,181.92999999999998,181.15999999999997,181.48999999999998,8031
2026-04-09T16:30:00+00:00,181.48999999999998,181.62999999999997,181.04999999999995,181.44999999999996,6001
2026-04-09T17:00:00+00:00,181.44999999999996,181.85999999999996,181.34999999999997,181.42999999999998,4311
2026-04-09T17:30:00+00:00,181.42999999999998,181.69999999999996,181.10999999999996,181.51999999999995,4652
2026-04-09T18:00:00+00:00,181.51999999999995,181.64999999999998,180.95999999999998,181.03999999999996,8635
2026-04-09T18:30:00+00:00,181.03999999999996,181.56999999999996,180.88999999999996,181.43999999999997,5494
2026-04-09T19:00:00+00:00,181.43999999999997,181.78999999999996,181.39999999999998,181.60999999999996,5114
2026-04-09T19:30:00+00:00,181.60999999999996,182.03999999999996,181.55999999999997,181.84999999999997,6445
2026-04-10T13:30:00+00:00,181.84999999999997,185.88999999999996,181.84999999999997,185.02999999999997,15678
2026-04-10T14:00:00+00:00,185.02999999999997,185.78999999999996,184.26999999999995,185.76999999999995,11615
2026-04-10T14:30:00+00:00,185.76999999999995,186.88999999999996,185.67999999999998,186.83999999999997,12235.935928219385
2026-04-10T15:00:00+00:00,186.83999999999997,187.95,186.51999999999998,187.42,9859
2026-04-10T15:30:00+00:00,187.42,187.52999999999997,186.08999999999997,186.38,9832
2026-04-10T16:00:00+00:00,186.38,186.73,186.02999999999997,186.41,7971
2026-04-10T16:30:00+00:00,186.41,186.51999999999998,185.88,186.47,6896
2026-04-10T17:00:00+00:00,186.47,186.57,186.04,186.1,5426
2026-04-10T17:30:00+00:00,186.1,186.7,185.91,186.63,4464
2026-04-10T18:00:00+00:00,186.63,186.94,186.23,186.52999999999997,4707
2026-04-10T18:30:00+00:00,186.52999999999997,186.86999999999998,186.32,186.73,3271
2026-04-10T19:00:00+00:00,186.73,187.63,186.69,187.32,4133
2026-04-10T19:30:00+00:00,187.32,187.32,186.04999999999998,186.61999999999998,5953
2026-04-13T13:30:00+00:00,186.61999999999998,186.61999999999998,183.67,185.98,16998
2026-04-13T14:00:00+00:00,185.98,186.42,185.55999999999997,186.35,12409
2026-04-13T14:30:00+00:00,186.35,187.57,186.07999999999998,187.32,8645
2026-04-13T15:00:00+00:00,187.32,187.6,186.51999999999998,186.55999999999997,8363
2026-04-13T15:30:00+00:00,186.55999999999997,186.85,185.94,186.2,7631
2026-04-13T16:00:00+00:00,186.2,186.57,185.85,186.39,8271
2026-04-13T16:30:00+00:00,186.39,186.42999999999998,185.79,186.26999999999998,10364
2026-04-13T17:00:00+00:00,186.26999999999998,186.58999999999997,186.05999999999997,186.14999999999998,4649
2026-04-13T17:30:00+00:00,186.14999999999998,186.35999999999999,185.94,186.04999999999998,4015
2026-04-13T18:00:00+00:00,186.04999999999998,186.2,185.91,185.95999999999998,2626
2026-04-13T18:30:00+00:00,185.95999999999998,186.67999999999998,185.92,186.48,3396
2026-04-13T19:00:00+00:00,186.48,186.83999999999997,186.42999999999998,186.64999999999998,2457
2026-04-13T19:30:00+00:00,186.64999999999998,187.41,186.44,187.17999999999998,6590
2026-04-14T13:30:00+00:00,187.17999999999998,191.23999999999998,187.17999999999998,190.17,15972
2026-04-14T14:00:00+00:00,190.17,190.94,189.39,190.82,10486
2026-04-14T14:30:00+00:00,190.82,191.42,190.60999999999999,191.24999999999997,6882
2026-04-14T15:00:00+00:00,191.24999999999997,191.67999999999998,190.6,191.39999999999998,6656
2026-04-14T15:30:00+00:00,191.39999999999998,192.32999999999998,191.26999999999998,191.98,6151
2026-04-14T16:00:00+00:00,191.98,192.89,191.92999999999998,192.73999999999998,4127
2026-04-14T16:30:00+00:00,192.73999999999998,192.82,192.39999999999998,192.51,3925
2026-04-14T17:00:00+00:00,192.51,192.94,192.26999999999998,192.67,3457
2026-04-14T17:30:00+00:00,192.67,192.82,192.58999999999997,192.73,2456
2026-04-14T18:00:00+00:00,192.73,192.85,192.32999999999998,192.51,3823
2026-04-14T18:30:00+00:00,192.51,192.89999999999998,192.49999999999997,192.86999999999998,2853
2026-04-14T19:00:00+00:00,192.86999999999998,194.27999999999997,192.83999999999997,194.16,4561
2026-04-14T19:30:00+00:00,194.16,194.45999999999998,193.51999999999998,194.45,5838
2026-04-15T13:30:00+00:00,194.45,196.63,194.2,196.49999999999997,16232
2026-04-15T14:00:00+00:00,196.49999999999997,197.51999999999998,196.16,197.19,11440
2026-04-15T14:30:00+00:00,197.19,197.82,196.97,197.31,9166.37277059224
2026-04-15T15:00:00+00:00,197.31,197.9,197.27,197.74,7104
2026-04-15T15:30:00+00:00,197.74,198.35,197.37,197.64000000000001,6973
2026-04-15T16:00:00+00:00,197.64000000000001,197.72,197.04,197.09,5903
2026-04-15T16:30:00+00:00,197.09,197.1,194.09,195.01,11608
2026-04-15T17:00:00+00:00,195.01,195.52,194.85,194.93,6431
2026-04-15T17:30:00+00:00,194.93,195.67000000000002,194.12,194.19,5632
2026-04-15T18:00:00+00:00,194.19,195.09,193.69,194.92000000000002,7289
2026-04-15T18:30:00+00:00,194.92000000000002,195.48000000000002,194.9,195.27,4766
2026-04-15T19:00:00+00:00,195.27,196.23000000000002,195.11,196.21,4886
2026-04-15T19:30:00+00:00,196.21,197.12,195.97,196.84,7932
2026-04-16T13:30:00+00:00,196.84,196.84,193.76,194.66,18580
2026-04-16T14:00:00+00:00,194.66,195.72,194.35,195.32,13461
2026-04-16T14:30:00+00:00,195.32,196.71,195.25,196.62,10776
2026-04-16T15:00:00+00:00,196.62,197.8,196.59,196.97,9635
2026-04-16T15:30:00+00:00,196.97,197.59,196.35,196.92000000000002,10317
2026-04-16T16:00:00+00:00,196.92000000000002,197.17000000000002,196.53,196.57,5989
2026-04-16T16:30:00+00:00,196.57,196.8,195.69,196.32,8902
2026-04-16T17:00:00+00:00,196.32,196.51,195.75,196.35,8933
2026-04-16T17:30:00+00:00,196.35,196.68,195.88,196.15,5757
2026-04-16T18:00:00+00:00,196.15,196.36,195.25,195.43,8846
2026-04-16T18:30:00+00:00,195.43,196.35,195.42000000000002,196.07,5798
2026-04-16T19:00:00+00:00,196.07,196.31,195.98000000000002,196.08,5176
2026-04-16T19:30:00+00:00,196.08,196.6,196.04,196.22,7434
2026-04-17T13:30:00+00:00,196.22,199.35,196.22,199.09,19454
2026-04-17T14:00:00+00:00,199.09,199.64000000000001,197.75,198.31,12531
2026-04-17T14:30:00+00:00,198.31,198.86,197.97,198.26000000000002,10766.832953591558
2026-04-17T15:00:00+00:00,198.26000000000002,198.94000000000003,198.06,198.58,9470
2026-04-17T15:30:00+00:00,198.58,199.35000000000002,198.31,198.34,8481
2026-04-17T16:00:00+00:00,198.34,199.04000000000002,198.17000000000002,198.64000000000001,5887
2026-04-17T16:30:00+00:00,198.64000000000001,198.82000000000002,198.32000000000002,198.69000000000003,4524
2026-04-17T17:00:00+00:00,198.69000000000003,198.79000000000002,197.4,197.84,9405
2026-04-17T17:30:00+00:00,197.84,198.56,197.77,198.24,6819
2026-04-17T18:00:00+00:00,198.24,198.83,198.24,198.60000000000002,6908
2026-04-17T18:30:00+00:00,198.60000000000002,198.94000000000003,198.47000000000003,198.81,5269
2026-04-17T19:00:00+00:00,198.81,199.42000000000002,198.67000000000002,199.22000000000003,5379
2026-04-17T19:30:00+00:00,199.22000000000003,199.63000000000002,199.05,199.60000000000002,7266
2026-04-20T13:30:00+00:00,199.60000000000002,199.60000000000002,196.35000000000002,198.19000000000003,15232
2026-04-20T14:00:00+00:00,198.19000000000003,198.28,196.83,197.08,10401
2026-04-20T14:30:00+00:00,197.08,197.36,196.31,196.48000000000002,12403
2026-04-20T15:00:00+00:00,196.48000000000002,197.28,195.77,197.20000000000002,11888
2026-04-20T15:30:00+00:00,197.20000000000002,197.25,196.37,196.60000000000002,6890
2026-04-20T16:00:00+00:00,196.60000000000002,197.41000000000003,196.51000000000002,197.12,5513
2026-04-20T16:30:00+00:00,197.12,197.53,197.08,197.24,4770
2026-04-20T17:00:00+00:00,197.24,197.75,197.08,197.46,4371
2026-04-20T17:30:00+00:00,197.46,198.08,197.39000000000001,197.9,3861
2026-04-20T18:00:00+00:00,197.9,198.68,197.88000000000002,198.53,5168
2026-04-20T18:30:00+00:00,198.53,198.9,198.32000000000002,198.74,4614
2026-04-20T19:00:00+00:00,198.74,199.19000000000003,198.67000000000002,199.07000000000002,3594
2026-04-20T19:30:00+00:00,199.07000000000002,200.11,199.02,200.06,6894
2026-04-21T13:30:00+00:00,200.06,200.68,198.77,199.38000000000002,12032
2026-04-21T14:00:00+00:00,199.38000000000002,200.43,199.20000000000002,199.83,7444
2026-04-21T14:30:00+00:00,199.83,200,198.99,199.06,8995
2026-04-21T15:00:00+00:00,199.06,199.63000000000002,198.51000000000002,198.98000000000002,10500
2026-04-21T15:30:00+00:00,198.98000000000002,199.31,198.61,198.67000000000002,7264
2026-04-21T16:00:00+00:00,198.67000000000002,198.83,197.81,197.84,6632
2026-04-21T16:30:00+00:00,197.84,198.27,197.66000000000003,197.9,5333
2026-04-21T17:00:00+00:00,197.9,198.13000000000002,196.94000000000003,197.26000000000002,8346
2026-04-21T17:30:00+00:00,197.26000000000002,198.28,197.19000000000003,197.53,7783
2026-04-21T18:00:00+00:00,197.53,198.10000000000002,197.41000000000003,197.88000000000002,5696
2026-04-21T18:30:00+00:00,197.88000000000002,198.79000000000002,197.88000000000002,198.58,5786
2026-04-21T19:00:00+00:00,198.58,198.92000000000002,198.27,198.9,6893
2026-04-21T19:30:00+00:00,198.9,199.10000000000002,197.12,197.86,12720
2026-04-22T13:30:00+00:00,197.86,199.03,197.44000000000003,197.82000000000002,10084
2026-04-22T14:00:00+00:00,197.82000000000002,198.43,197.26000000000002,198.31,9263
2026-04-22T14:30:00+00:00,198.31,199.46,198.22000000000003,199.15,9164.083411433927
2026-04-22T15:00:00+00:00,199.15,199.82000000000002,198.89000000000001,199.56,7107
2026-04-22T15:30:00+00:00,199.56,199.64000000000001,198.87,199.15,6290
2026-04-22T16:00:00+00:00,199.15,199.36,198.86,199.04000000000002,4406
2026-04-22T16:30:00+00:00,199.04000000000002,199.23000000000002,198.89000000000001,199.05,4496
2026-04-22T17:00:00+00:00,199.05,199.93,199.05,199.70000000000002,4641
2026-04-22T17:30:00+00:00,199.70000000000002,200.36,199.66000000000003,200.24,4204
2026-04-22T18:00:00+00:00,200.24,200.43,199.56,199.60000000000002,4986
2026-04-22T18:30:00+00:00,199.60000000000002,199.97000000000003,199.46,199.53,4203
2026-04-22T19:00:00+00:00,199.53,199.94000000000003,199.16000000000003,199.60000000000002,5360
2026-04-22T19:30:00+00:00,199.60000000000002,200.44000000000003,199.53,200.36,6556
2026-04-23T13:30:00+00:00,200.36,201.76000000000002,199.05,201.02,11517
2026-04-23T14:00:00+00:00,201.02,201.15,199.56,199.71,11040
2026-04-23T14:30:00+00:00,199.71,200.71,199.69000000000003,200.49,7938
2026-04-23T15:00:00+00:00,200.49,201.05,200.42000000000002,200.46,5843
2026-04-23T15:30:00+00:00,200.46,200.67000000000002,199.12,199.44000000000003,7089
2026-04-23T16:00:00+00:00,199.44000000000003,199.61,198.89000000000001,199.05,5765
2026-04-23T16:30:00+00:00,199.05,199.84,198.99,199.43,4399
2026-04-23T17:00:00+00:00,199.43,199.58,197.16000000000003,197.38000000000002,12605
2026-04-23T17:30:00+00:00,197.38000000000002,198.08,195.17000000000002,196.8,15225
2026-04-23T18:00:00+00:00,196.8,197.4,196.60000000000002,197.07000000000002,9292
2026-04-23T18:30:00+00:00,197.07000000000002,197.59,196.17000000000002,196.28,6624
2026-04-23T19:00:00+00:00,196.28,197.24,196.12,197.05,6747
2026-04-23T19:30:00+00:00,197.05,197.65,196.63000000000002,197.63000000000002,8540
2026-04-24T13:30:00+00:00,197.63000000000002,201.16000000000003,197.63000000000002,199.92000000000002,13702
2026-04-24T14:00:00+00:00,199.92000000000002,201.06,199.61,200.53,12668
2026-04-24T14:30:00+00:00,200.53,206.79000000000002,200.4,206.63000000000002,15935.190114068442
2026-04-24T15:00:00+00:00,206.63000000000002,207.63000000000002,205.8,206.84000000000003,14183
2026-04-24T15:30:00+00:00,206.84000000000003,207.85000000000002,206.65000000000003,207.04000000000002,12434
2026-04-24T16:00:00+00:00,207.04000000000002,207.93000000000004,206.26000000000002,207.50000000000003,8963
2026-04-24T16:30:00+00:00,207.50000000000003,208.87000000000003,207.46000000000004,207.59000000000003,8934
2026-04-24T17:00:00+00:00,207.59000000000003,207.97000000000003,206.96000000000004,207.26000000000002,7092
2026-04-24T17:30:00+00:00,207.26000000000002,207.65000000000003,206.95000000000002,207.24,6603
2026-04-24T18:00:00+00:00,207.24,207.34000000000003,206.08,206.11,6313
2026-04-24T18:30:00+00:00,206.11,206.54000000000002,205.60000000000002,206.16000000000003,6274
2026-04-24T19:00:00+00:00,206.16000000000003,207.21000000000004,206.04000000000002,206.45000000000002,6568
2026-04-24T19:30:00+00:00,206.45000000000002,206.55,205.48000000000002,206.12000000000003,8601
2026-04-27T13:30:00+00:00,206.12000000000003,209.89000000000001,206.12000000000003,208.29000000000002,14235
2026-04-27T14:00:00+00:00,208.29000000000002,208.66000000000003,206.44000000000003,206.61,13347
2026-04-27T14:30:00+00:00,206.61,207.8,205.31000000000003,207.31000000000003,11365
2026-04-27T15:00:00+00:00,207.31000000000003,207.86,206.95000000000002,207.82000000000002,9415
2026-04-27T15:30:00+00:00,207.82000000000002,208.79000000000002,207.71000000000004,208.57000000000002,7083
2026-04-27T16:00:00+00:00,208.57000000000002,209.58,208.56000000000003,209.39000000000001,6313
2026-04-27T16:30:00+00:00,209.39000000000001,211.56000000000003,209.33,210.67000000000002,8354
2026-04-27T17:00:00+00:00,210.67000000000002,212.19000000000003,210.67000000000002,211.55,7352
2026-04-27T17:30:00+00:00,211.55,213.3,211.52,213.07000000000002,7439
2026-04-27T18:00:00+00:00,213.07000000000002,214.20000000000002,212.86,213.63000000000002,7858
2026-04-27T18:30:00+00:00,213.63000000000002,214.31000000000003,212.75000000000003,213.02,7178
2026-04-27T19:00:00+00:00,213.02,214.03000000000003,212.96000000000004,213.42000000000002,6245
2026-04-27T19:30:00+00:00,213.42000000000002,214.76000000000002,213.23000000000002,214.58,8018
2026-04-28T13:30:00+00:00,214.58,214.58,206.14000000000001,210.12000000000003,16505
2026-04-28T14:00:00+00:00,210.12000000000003,211.60000000000002,209.68000000000004,210.3,14207
2026-04-28T14:30:00+00:00,210.3,210.64000000000001,206.28000000000003,207.68000000000004,15901
2026-04-28T15:00:00+00:00,207.68000000000004,208.14000000000001,206.68000000000004,207.00000000000003,11710
2026-04-28T15:30:00+00:00,207.00000000000003,207.71000000000004,206.51000000000002,207.70000000000002,8993
2026-04-28T16:00:00+00:00,207.70000000000002,208.58,207.50000000000003,208.05,6868
2026-04-28T16:30:00+00:00,208.05,208.82000000000002,207.24,208.62000000000003,6370
2026-04-28T17:00:00+00:00,208.62000000000003,208.90000000000003,208.08,208.72000000000003,5758
2026-04-28T17:30:00+00:00,208.72000000000003,209.72000000000003,208.72000000000003,209.68000000000004,5467
2026-04-28T18:00:00+00:00,209.68000000000004,210.93000000000004,209.56000000000003,210.78000000000003,5705
2026-04-28T18:30:00+00:00,210.78000000000003,212.01000000000002,210.39000000000001,212.01000000000002,5860
2026-04-28T19:00:00+00:00,212.01000000000002,212.66000000000003,211.40000000000003,211.99,7275
2026-04-28T19:30:00+00:00,211.99,212.36,210.90000000000003,211.16000000000003,9580
2026-04-29T13:30:00+00:00,211.16000000000003,211.16000000000003,208.23000000000002,208.76000000000002,11358
2026-04-29T14:00:00+00:00,208.76000000000002,209.16000000000003,207.71000000000004,209.01000000000002,9934
2026-04-29T14:30:00+00:00,209.01000000000002,209.87000000000003,208.51000000000002,209.18,8216.741634852908
2026-04-29T15:00:00+00:00,209.18,209.24,208.11,208.65,6489
2026-04-29T15:30:00+00:00,208.65,209.26,208.05,208.5,7880
2026-04-29T16:00:00+00:00,208.5,209.09,207.52,207.53,5947
2026-04-29T16:30:00+00:00,207.53,207.71,206.42,206.77,6350
2026-04-29T17:00:00+00:00,206.77,207.64000000000001,206.51,207.3,4696
2026-04-29T17:30:00+00:00,207.3,207.56,206.79,206.99,4555
2026-04-29T18:00:00+00:00,206.99,207.06,205.46,205.9,6460
2026-04-29T18:30:00+00:00,205.9,206.91,205.44,206.83,8078
2026-04-29T19:00:00+00:00,206.83,207.35,206.4,207.18,6291
2026-04-29T19:30:00+00:00,207.18,207.29,206.54,207.21,7691
2026-04-30T13:30:00+00:00,207.21,208.1,200.58,201.77,14758
2026-04-30T14:00:00+00:00,201.77,201.81,197.28,198.47,16456
2026-04-30T14:30:00+00:00,198.47,200.16,196.56,199.63,13627
2026-04-30T15:00:00+00:00,199.63,200.31,198.86,199.17,11601
2026-04-30T15:30:00+00:00,199.17,199.67,198.02,198.53,10029
2026-04-30T16:00:00+00:00,198.53,198.69,197.28,198.01,7756
2026-04-30T16:30:00+00:00,198.01,198.19,197.19,197.69,7617
2026-04-30T17:00:00+00:00,197.69,198.91,197.66,198.34,7357
2026-04-30T17:30:00+00:00,198.34,199.14000000000001,198.26,199.12,7173
2026-04-30T18:00:00+00:00,199.12,199.6,198.12,198.65,7526
2026-04-30T18:30:00+00:00,198.65,199.86,198.6,199.68,5857
2026-04-30T19:00:00+00:00,199.68,199.82,198.66,198.67,6872
2026-04-30T19:30:00+00:00,198.67,198.87,197.35,197.44,9194
2026-05-01T13:30:00+00:00,197.44,200.84,197,198.32,13401
2026-05-01T14:00:00+00:00,198.32,198.45,197.06,197.17,9871
2026-05-01T14:30:00+00:00,197.17,197.88,194.99,197.37,11793.090909090908
2026-05-01T15:00:00+00:00,197.37,197.68,196.61,196.8,8334
2026-05-01T15:30:00+00:00,196.8,197.7,196.57,196.96,7449
2026-05-01T16:00:00+00:00,196.96,197.27,196.35,196.52,6802
2026-05-01T16:30:00+00:00,196.52,197.2,196.42,197.01,5710
2026-05-01T17:00:00+00:00,197.01,198.07,196.98,197.73,5126
2026-05-01T17:30:00+00:00,197.73,198.15,197.41,197.53,4627
2026-05-01T18:00:00+00:00,197.53,197.61,196.79,196.98,5351
2026-05-01T18:30:00+00:00,196.98,197.06,196.08,196.22,6041
2026-05-01T19:00:00+00:00,196.22,197.7,196.04,197.56,6151
2026-05-01T19:30:00+00:00,197.56,197.79,196.17,196.28,9597
2026-05-04T13:30:00+00:00,196.28,199.57,195.48,196.45,12616
2026-05-04T14:00:00+00:00,196.45,196.91,195.2,195.22,9663
2026-05-04T14:30:00+00:00,195.22,196.24,195.04,195.08,6995
2026-05-04T15:00:00+00:00,195.08,195.87,192.61,193.66,10286
2026-05-04T15:30:00+00:00,193.66,194.4,193.12,193.54,9318
2026-05-04T16:00:00+00:00,193.54,194.44,192.72,194.08,9012
2026-05-04T16:30:00+00:00,194.08,194.75,193.96,194.59,6070
2026-05-04T17:00:00+00:00,194.59,195.69,194.54,195.15,6579
2026-05-04T17:30:00+00:00,195.15,196.28,194.77,196.16,4803
2026-05-04T18:00:00+00:00,196.16,197.04,195.72,196.09,5287
2026-05-04T18:30:00+00:00,196.09,196.19,195.21,196.06,4663
2026-05-04T19:00:00+00:00,196.06,196.59,195.63,196.49,4780
2026-05-04T19:30:00+00:00,196.49,197.04,195.85,196.42,6708
2026-05-05T13:30:00+00:00,196.42,198.08,195.96,196.27,11539
2026-05-05T14:00:00+00:00,196.27,196.89000000000001,195.36,196.37,10909
2026-05-05T14:30:00+00:00,196.37,196.54,194.63,194.95,8206
2026-05-05T15:00:00+00:00,194.95,195.78,194.53,194.89000000000001,6686
2026-05-05T15:30:00+00:00,194.89000000000001,195.35,194.68,195.29,5648
2026-05-05T16:00:00+00:00,195.29,196.37,195.12,195.82,5541
2026-05-05T16:30:00+00:00,195.82,195.94,195.23,195.49,4511
2026-05-05T17:00:00+00:00,195.49,195.68,195.02,195.65,3466
2026-05-05T17:30:00+00:00,195.65,195.83,195,195.07,3345
2026-05-05T18:00:00+00:00,195.07,195.66,194.84,195.35,3465
2026-05-05T18:30:00+00:00,195.35,195.5,194.22,194.59,3653
2026-05-05T19:00:00+00:00,194.59,194.76,194.09,194.16,4412
2026-05-05T19:30:00+00:00,194.16,194.47,193.89000000000001,194.39000000000001,5534
2026-05-06T13:30:00+00:00,194.39000000000001,202.45,194.39000000000001,202.29,14945
2026-05-06T14:00:00+00:00,202.29,203.69,200.78,201.79,14282
2026-05-06T14:30:00+00:00,201.79,203.32,201.79,202.6,10469.069065247571
2026-05-06T15:00:00+00:00,202.6,204.66,201.38,204.23,8801
2026-05-06T15:30:00+00:00,204.23,205.04,202.45,202.68,8159
2026-05-06T16:00:00+00:00,202.68,203.66,202.59,203.12,6144
2026-05-06T16:30:00+00:00,203.12,203.27,201.8,202.67,5645
2026-05-06T17:00:00+00:00,202.67,203.38,202.31,202.93,4878
2026-05-06T17:30:00+00:00,202.93,203.84,202.83,203.31,4262
2026-05-06T18:00:00+00:00,203.31,205.07,203.26,204.9,5099
2026-05-06T18:30:00+00:00,204.9,205.92,204.53,204.55,5605
2026-05-06T19:00:00+00:00,204.55,205.63,204.38,205.48,5553
2026-05-06T19:30:00+00:00,205.48,206.13,204.74,205.55,7393
2026-05-07T13:30:00+00:00,205.55,208.34,204.37,206.69,13487
2026-05-07T14:00:00+00:00,206.69,211.85,206.63,210.96,13449
2026-05-07T14:30:00+00:00,210.96,212.05,210.22,210.59,9799
2026-05-07T15:00:00+00:00,210.59,210.97,208.58,209.83,7869
2026-05-07T15:30:00+00:00,209.83,211.54,209.76,210.5,7328
2026-05-07T16:00:00+00:00,210.5,211.71,208.52,211.42,9738
2026-05-07T16:30:00+00:00,211.42,212.01,209.86,210.21,6850
2026-05-07T17:00:00+00:00,210.21,210.42,208.82,209.83,7934
2026-05-07T17:30:00+00:00,209.83,210.82,209.29,210.24,7181
2026-05-07T18:00:00+00:00,210.24,211.11,209.97,210.63,6218
2026-05-07T18:30:00+00:00,210.63,211.12,209.68,210.2,6571
2026-05-07T19:00:00+00:00,210.2,210.75,209.27,209.89000000000001,6584
2026-05-07T19:30:00+00:00,209.89000000000001,210.44,209.09,209.41,7865
2026-05-08T13:30:00+00:00,209.41,215.61,209.41,215.48,12856
2026-05-08T14:00:00+00:00,215.48,215.64000000000001,212.99,213.15,10856
2026-05-08T14:30:00+00:00,213.15,214.06,212.17,213.81000000000003,8748.993921944977
2026-05-08T15:00:00+00:00,213.81000000000003,214.68000000000004,213.27000000000004,214.15000000000003,7377
2026-05-08T15:30:00+00:00,214.15000000000003,215.09000000000003,213.39000000000004,213.41000000000003,6646
2026-05-08T16:00:00+00:00,213.41000000000003,214.06000000000003,213.05000000000004,213.78000000000003,5799
2026-05-08T16:30:00+00:00,213.78000000000003,213.97000000000003,212.92000000000004,213.13000000000002,5995
2026-05-08T17:00:00+00:00,213.13000000000002,213.97000000000003,212.98000000000002,213.58000000000004,6422
2026-05-08T17:30:00+00:00,213.58000000000004,213.70000000000002,212.74000000000004,212.85000000000002,5431
2026-05-08T18:00:00+00:00,212.85000000000002,213.69000000000003,212.81000000000003,213.26000000000002,5392
2026-05-08T18:30:00+00:00,213.26000000000002,213.38000000000002,212.85000000000002,212.96000000000004,5345
2026-05-08T19:00:00+00:00,212.96000000000004,213.71000000000004,212.71000000000004,212.75000000000003,5954
2026-05-08T19:30:00+00:00,212.75000000000003,213.30000000000004,212.57000000000002,213.06000000000003,7729
2026-05-11T13:30:00+00:00,213.06000000000003,218.77000000000004,211.79000000000002,214.83000000000004,15051
2026-05-11T14:00:00+00:00,214.83000000000004,217.57000000000002,214.79000000000002,215.86000000000004,10308
2026-05-11T14:30:00+00:00,215.86000000000004,220.08000000000004,215.26000000000002,219.48000000000002,10769
2026-05-11T15:00:00+00:00,219.48000000000002,220.16000000000003,218.49000000000004,219.86000000000004,8846
2026-05-11T15:30:00+00:00,219.86000000000004,220.00000000000003,218.86000000000004,219.85000000000002,6628
2026-05-11T16:00:00+00:00,219.85000000000002,220.19000000000003,219.30000000000004,219.85000000000002,5680
2026-05-11T16:30:00+00:00,219.85000000000002,219.98000000000002,218.27000000000004,218.51000000000002,6295
2026-05-11T17:00:00+00:00,218.51000000000002,218.88000000000002,217.77000000000004,218.64000000000004,4990
2026-05-11T17:30:00+00:00,218.64000000000004,219.17000000000004,218.30000000000004,218.30000000000004,3844
2026-05-11T18:00:00+00:00,218.30000000000004,219.33000000000004,218.26000000000002,219.30000000000004,4076
2026-05-11T18:30:00+00:00,219.30000000000004,219.46000000000004,217.85000000000002,217.93000000000004,4606
2026-05-11T19:00:00+00:00,217.93000000000004,218.46000000000004,216.82000000000002,217.04000000000002,5899
2026-05-11T19:30:00+00:00,217.04000000000002,217.49000000000004,216.81000000000003,217.39000000000004,7863
2026-05-12T13:30:00+00:00,217.39000000000004,221.62000000000003,214.90000000000003,218.20000000000002,15487
2026-05-12T14:00:00+00:00,218.20000000000002,219.66000000000003,216.51000000000002,216.75000000000003,12699
2026-05-12T14:30:00+00:00,216.75000000000003,216.99000000000004,215.13000000000002,215.27000000000004,11372
2026-05-12T15:00:00+00:00,215.27000000000004,215.89000000000004,212.83000000000004,213.32000000000002,11648
2026-05-12T15:30:00+00:00,213.32000000000002,215.49000000000004,213.00000000000003,214.78000000000003,9702
2026-05-12T16:00:00+00:00,214.78000000000003,216.14000000000004,214.37000000000003,215.38000000000002,7966
2026-05-12T16:30:00+00:00,215.38000000000002,215.74000000000004,213.57000000000002,213.73000000000002,7565
2026-05-12T17:00:00+00:00,213.73000000000002,215.99000000000004,213.43000000000004,215.60000000000002,7668
2026-05-12T17:30:00+00:00,215.60000000000002,216.69000000000003,215.53000000000003,216.46000000000004,5954
2026-05-12T18:00:00+00:00,216.46000000000004,217.08000000000004,215.68000000000004,216.80000000000004,5314
2026-05-12T18:30:00+00:00,216.80000000000004,218.23000000000002,216.75000000000003,217.43000000000004,6151
2026-05-12T19:00:00+00:00,217.43000000000004,219.03000000000003,217.41000000000003,218.63000000000002,6340
2026-05-12T19:30:00+00:00,218.63000000000002,219.62000000000003,218.03000000000003,218.90000000000003,8833
2026-05-13T13:30:00+00:00,218.90000000000003,225.02000000000004,218.90000000000003,221.87000000000003,15809
2026-05-13T14:00:00+00:00,221.87000000000003,223.04000000000002,220.95000000000002,222.29000000000002,11655
2026-05-13T14:30:00+00:00,222.29000000000002,224.35000000000002,221.59000000000003,224.27000000000004,9149.894994786235
2026-05-13T15:00:00+00:00,224.27000000000004,225.44000000000005,223.59000000000006,224.08000000000004,9253
2026-05-13T15:30:00+00:00,224.08000000000004,225.21000000000004,223.57000000000005,224.46000000000004,6933
2026-05-13T16:00:00+00:00,224.46000000000004,225.69000000000005,224.26000000000005,225.19000000000005,6671
2026-05-13T16:30:00+00:00,225.19000000000005,225.52000000000004,224.52000000000004,224.65000000000006,5059
2026-05-13T17:00:00+00:00,224.65000000000006,225.20000000000005,224.57000000000005,224.81000000000006,4303
2026-05-13T17:30:00+00:00,224.81000000000006,224.87000000000006,223.28000000000006,223.31000000000006,5161
2026-05-13T18:00:00+00:00,223.31000000000006,225.29000000000005,223.30000000000004,224.82000000000005,6102
2026-05-13T18:30:00+00:00,224.82000000000005,225.07000000000005,224.22000000000006,224.33000000000004,5382
2026-05-13T19:00:00+00:00,224.33000000000004,225.02000000000004,224.17000000000004,224.62000000000006,5714
2026-05-13T19:30:00+00:00,224.62000000000006,224.66000000000005,222.95000000000005,223.71000000000004,7899
2026-05-14T13:30:00+00:00,223.71000000000004,231.09000000000006,223.71000000000004,228.55000000000004,13950
2026-05-14T14:00:00+00:00,228.55000000000004,231.98000000000005,228.48000000000005,230.88000000000005,10644
2026-05-14T14:30:00+00:00,230.88000000000005,233.91000000000005,230.72000000000006,232.42000000000004,10622
2026-05-14T15:00:00+00:00,232.42000000000004,233.44000000000005,231.92000000000004,232.91000000000005,7653
2026-05-14T15:30:00+00:00,232.91000000000005,234.33000000000004,232.73000000000005,232.75000000000006,8414
2026-05-14T16:00:00+00:00,232.75000000000006,233.87000000000006,232.43000000000004,232.61000000000004,6796
2026-05-14T16:30:00+00:00,232.61000000000004,233.67000000000004,232.31000000000006,233.38000000000005,7036
2026-05-14T17:00:00+00:00,233.38000000000005,233.79000000000005,230.55000000000004,231.96000000000004,10119
2026-05-14T17:30:00+00:00,231.96000000000004,232.84000000000006,231.61000000000004,232.60000000000005,6965
2026-05-14T18:00:00+00:00,232.60000000000005,233.45000000000005,231.68000000000004,233.39000000000004,7756
2026-05-14T18:30:00+00:00,233.39000000000004,234.30000000000004,232.97000000000006,233.94000000000005,5873
2026-05-14T19:00:00+00:00,233.94000000000005,234.42000000000004,233.28000000000006,233.50000000000006,6110
2026-05-14T19:30:00+00:00,233.50000000000006,233.91000000000005,233.00000000000006,233.65000000000006,8185
2026-05-15T13:30:00+00:00,233.65000000000006,233.65000000000006,222.19000000000005,223.01000000000005,17470
2026-05-15T14:00:00+00:00,223.01000000000005,226.55000000000004,222.78000000000006,224.52000000000004,14450
2026-05-15T14:30:00+00:00,224.52000000000004,225.64000000000004,223.75000000000006,223.91000000000005,11736.283878382614
2026-05-15T15:00:00+00:00,223.91000000000005,225.72000000000006,223.51000000000008,225.56000000000006,10376
2026-05-15T15:30:00+00:00,225.56000000000006,226.98000000000008,225.26000000000008,225.93000000000006,10674
2026-05-15T16:00:00+00:00,225.93000000000006,226.31000000000006,224.88000000000005,226.06000000000006,8618
2026-05-15T16:30:00+00:00,226.06000000000006,226.42000000000007,225.44000000000005,225.71000000000006,7080
2026-05-15T17:00:00+00:00,225.71000000000006,227.12000000000006,225.54000000000008,227.00000000000006,6128
2026-05-15T17:30:00+00:00,227.00000000000006,228.73000000000008,226.95000000000007,228.66000000000005,6703
2026-05-15T18:00:00+00:00,228.66000000000005,229.32000000000008,227.44000000000005,227.65000000000006,7985
2026-05-15T18:30:00+00:00,227.65000000000006,227.67000000000007,225.96000000000006,226.79000000000008,7664
2026-05-15T19:00:00+00:00,226.79000000000008,226.92000000000007,224.53000000000006,224.84000000000006,8161
2026-05-15T19:30:00+00:00,224.84000000000006,225.37000000000006,222.75000000000006,223.15000000000006,11402
2026-05-18T13:30:00+00:00,223.15000000000006,227.78000000000006,221.39000000000007,223.29000000000008,18689
2026-05-18T14:00:00+00:00,223.29000000000008,224.08000000000007,220.24000000000007,220.64000000000007,15547
2026-05-18T14:30:00+00:00,220.64000000000007,221.02000000000007,218.23000000000008,219.97000000000006,17341
2026-05-18T15:00:00+00:00,219.97000000000006,221.21000000000006,219.49000000000007,219.52000000000007,12436
2026-05-18T15:30:00+00:00,219.52000000000007,221.16000000000005,219.35000000000008,220.36000000000007,9938
2026-05-18T16:00:00+00:00,220.36000000000007,220.98000000000008,218.07000000000008,218.21000000000006,9587
2026-05-18T16:30:00+00:00,218.21000000000006,220.27000000000007,217.44000000000005,219.92000000000007,10205
2026-05-18T17:00:00+00:00,219.92000000000007,220.35000000000008,218.55000000000007,219.26000000000008,8059
2026-05-18T17:30:00+00:00,219.26000000000008,219.67000000000007,218.68000000000006,219.32000000000008,7635
2026-05-18T18:00:00+00:00,219.32000000000008,219.33000000000007,217.04000000000008,217.75000000000006,9583
2026-05-18T18:30:00+00:00,217.75000000000006,218.28000000000006,216.21000000000006,217.41000000000005,9512
2026-05-18T19:00:00+00:00,217.41000000000005,219.46000000000006,217.36000000000007,217.99000000000007,11323
2026-05-18T19:30:00+00:00,217.99000000000007,220.22000000000006,217.94000000000005,220.20000000000007,11503
2026-05-19T13:30:00+00:00,220.20000000000007,221.13000000000005,217.32000000000008,218.66000000000005,15065
2026-05-19T14:00:00+00:00,218.66000000000005,218.69000000000005,215.74000000000007,216.36000000000007,16034
2026-05-19T14:30:00+00:00,216.36000000000007,218.85000000000008,215.97000000000006,218.78000000000006,12940
2026-05-19T15:00:00+00:00,218.78000000000006,219.41000000000005,217.84000000000006,218.32000000000008,11188
2026-05-19T15:30:00+00:00,218.32000000000008,219.82000000000008,218.02000000000007,218.49000000000007,10267
2026-05-19T16:00:00+00:00,218.49000000000007,219.81000000000006,218.11000000000007,219.72000000000006,9026
2026-05-19T16:30:00+00:00,219.72000000000006,221.22000000000006,219.56000000000006,220.91000000000005,9078
2026-05-19T17:00:00+00:00,220.91000000000005,222.31000000000006,220.82000000000008,221.17000000000007,8460
2026-05-19T17:30:00+00:00,221.17000000000007,221.95000000000007,219.88000000000005,220.92000000000007,8428
2026-05-19T18:00:00+00:00,220.92000000000007,221.48000000000008,220.05000000000007,220.47000000000006,7744
2026-05-19T18:30:00+00:00,220.47000000000006,220.95000000000007,220.00000000000006,220.30000000000007,8024
2026-05-19T19:00:00+00:00,220.30000000000007,220.59000000000006,218.98000000000008,219.72000000000006,9590
2026-05-19T19:30:00+00:00,219.72000000000006,220.32000000000008,216.83000000000007,218.52000000000007,11734
2026-05-20T13:30:00+00:00,218.52000000000007,220.99000000000007,218.32000000000008,219.77000000000007,15248
2026-05-20T14:00:00+00:00,219.77000000000007,222.88000000000005,219.55000000000007,222.15000000000006,16014
2026-05-20T14:30:00+00:00,222.15000000000006,223.12000000000006,221.69000000000005,222.50000000000006,11484.77108190091
2026-05-20T15:00:00+00:00,222.50000000000006,223.88000000000005,222.00000000000006,223.00000000000006,10864
2026-05-20T15:30:00+00:00,223.00000000000006,223.39000000000004,222.31000000000006,222.71000000000006,7020
2026-05-20T16:00:00+00:00,222.71000000000006,223.06000000000006,221.59000000000006,222.00000000000006,7803
2026-05-20T16:30:00+00:00,222.00000000000006,222.78000000000006,221.85000000000005,222.38000000000005,7569
2026-05-20T17:00:00+00:00,222.38000000000005,222.88000000000005,222.20000000000005,222.70000000000005,6437
2026-05-20T17:30:00+00:00,222.70000000000005,222.92000000000004,221.96000000000006,222.26000000000005,5167
2026-05-20T18:00:00+00:00,222.26000000000005,222.66000000000005,221.62000000000006,222.03000000000006,5244
2026-05-20T18:30:00+00:00,222.03000000000006,222.09000000000006,219.80000000000007,220.52000000000007,5955
2026-05-20T19:00:00+00:00,220.52000000000007,220.71000000000006,220.10000000000005,220.64000000000004,6020
2026-05-20T19:30:00+00:00,220.64000000000004,221.43000000000006,220.38000000000005,221.19000000000005,8151
2026-05-21T13:30:00+00:00,221.19000000000005,225.10000000000005,218.13000000000005,220.01000000000005,17357
2026-05-21T14:00:00+00:00,220.01000000000005,222.51000000000005,216.13000000000005,216.70000000000005,17143
2026-05-21T14:30:00+00:00,216.70000000000005,217.64000000000004,215.70000000000005,217.13000000000005,14544
2026-05-21T15:00:00+00:00,217.13000000000005,217.86000000000004,215.83000000000004,216.63000000000005,11947
2026-05-21T15:30:00+00:00,216.63000000000005,218.10000000000005,216.11000000000004,217.18000000000006,9266
2026-05-21T16:00:00+00:00,217.18000000000006,217.85000000000005,216.64000000000004,217.31000000000006,8006
2026-05-21T16:30:00+00:00,217.31000000000006,217.96000000000006,216.70000000000005,217.91000000000005,6413
2026-05-21T17:00:00+00:00,217.91000000000005,220.14000000000004,217.71000000000006,218.87000000000006,10471
2026-05-21T17:30:00+00:00,218.87000000000006,219.62000000000006,218.64000000000004,218.68000000000006,7995
2026-05-21T18:00:00+00:00,218.68000000000006,219.24000000000007,217.55000000000007,218.00000000000006,8511
2026-05-21T18:30:00+00:00,218.00000000000006,218.12000000000006,216.39000000000004,216.84000000000006,9061
2026-05-21T19:00:00+00:00,216.84000000000006,218.22000000000006,216.65000000000006,218.10000000000005,7824
2026-05-21T19:30:00+00:00,218.10000000000005,218.40000000000006,216.96000000000006,217.26000000000005,9509
2026-05-22T13:30:00+00:00,217.26000000000005,218.68000000000006,214.97000000000006,215.66000000000005,15581
2026-05-22T14:00:00+00:00,215.66000000000005,215.66000000000005,212.93000000000006,214.09000000000006,15001
2026-05-22T14:30:00+00:00,214.09000000000006,215.19000000000005,213.78000000000006,214.95000000000005,9615.851139452227
2026-05-22T15:00:00+00:00,214.95000000000005,216.05000000000004,214.82000000000005,215.91000000000005,7448
2026-05-22T15:30:00+00:00,215.91000000000005,216.08000000000004,214.60000000000005,215.06000000000003,5858
2026-05-22T16:00:00+00:00,215.06000000000003,215.32000000000005,214.47000000000006,214.87000000000003,5631
2026-05-22T16:30:00+00:00,214.87000000000003,214.96000000000004,214.16000000000005,214.85000000000005,4849
2026-05-22T17:00:00+00:00,214.85000000000005,216.24000000000004,214.85000000000005,215.97000000000006,5387
2026-05-22T17:30:00+00:00,215.97000000000006,216.03000000000006,213.48000000000005,213.94000000000005,6208
2026-05-22T18:00:00+00:00,213.94000000000005,214.15000000000003,213.20000000000005,213.79000000000005,4589
2026-05-22T18:30:00+00:00,213.79000000000005,213.96000000000004,213.18000000000004,213.73000000000005,4528
2026-05-22T19:00:00+00:00,213.73000000000005,214.07000000000005,212.59000000000003,213.07000000000005,6602
2026-05-22T19:30:00+00:00,213.07000000000005,213.69000000000005,212.87000000000003,212.99000000000004,7907
2026-05-26T13:30:00+00:00,212.99000000000004,215.20000000000005,212.58000000000004,213.08000000000004,15088
2026-05-26T14:00:00+00:00,213.08000000000004,215.46000000000004,212.02000000000004,215.34000000000003,10969
2026-05-26T14:30:00+00:00,215.34000000000003,215.92000000000004,213.23000000000005,213.28000000000006,9727
2026-05-26T15:00:00+00:00,213.28000000000006,213.64000000000004,211.35000000000005,212.17000000000004,9646
2026-05-26T15:30:00+00:00,212.17000000000004,212.51000000000005,210.27000000000004,210.94000000000005,8983
2026-05-26T16:00:00+00:00,210.94000000000005,211.40000000000003,209.75000000000006,210.86000000000004,6625
2026-05-26T16:30:00+00:00,210.86000000000004,211.69000000000005,210.63000000000005,211.37000000000003,5465
2026-05-26T17:00:00+00:00,211.37000000000003,211.87000000000003,211.02000000000004,211.37000000000003,4379
2026-05-26T17:30:00+00:00,211.37000000000003,211.63000000000005,210.65000000000003,210.84000000000003,3878
2026-05-26T18:00:00+00:00,210.84000000000003,212.20000000000005,210.65000000000003,211.65000000000003,4256
2026-05-26T18:30:00+00:00,211.65000000000003,211.78000000000006,210.88000000000005,211.01000000000005,4431
2026-05-26T19:00:00+00:00,211.01000000000005,211.44000000000005,210.59000000000003,211.39000000000004,5064
2026-05-26T19:30:00+00:00,211.39000000000004,212.63000000000005,211.20000000000005,212.59000000000003,6412
2026-05-27T13:30:00+00:00,212.59000000000003,212.59000000000003,208.04000000000005,209.07000000000005,17281
2026-05-27T14:00:00+00:00,209.07000000000005,209.36000000000004,207.23000000000005,207.66000000000005,13293
2026-05-27T14:30:00+00:00,207.66000000000005,208.14000000000004,206.71000000000004,206.73000000000002,11218.498589278517
2026-05-27T15:00:00+00:00,206.73000000000002,207.58,206.52000000000004,207.53000000000003,9086
2026-05-27T15:30:00+00:00,207.53000000000003,207.96000000000004,207.07000000000002,207.56000000000003,7723
2026-05-27T16:00:00+00:00,207.56000000000003,208.82000000000002,207.31000000000003,208.43000000000004,6087
2026-05-27T16:30:00+00:00,208.43000000000004,209.86,208.05,209.35000000000002,5445
2026-05-27T17:00:00+00:00,209.35000000000002,209.81000000000003,208.47000000000003,209.73000000000002,5352
2026-05-27T17:30:00+00:00,209.73000000000002,210.41000000000003,209.52000000000004,210.01000000000002,5255
2026-05-27T18:00:00+00:00,210.01000000000002,211.03000000000003,209.86,210.92000000000002,4677
2026-05-27T18:30:00+00:00,210.92000000000002,211.06000000000003,210.45000000000002,210.55,4317
2026-05-27T19:00:00+00:00,210.55,211.03000000000003,209.86,210.20000000000002,4770
2026-05-27T19:30:00+00:00,210.20000000000002,210.99000000000004,209.90000000000003,210.37000000000003,6545
2026-05-28T13:30:00+00:00,210.37000000000003,212.00000000000003,208.94000000000003,210.55,14113
2026-05-28T14:00:00+00:00,210.55,212.02000000000004,209.87000000000003,210.17000000000002,12041
2026-05-28T14:30:00+00:00,210.17000000000002,210.39000000000001,209.25000000000003,210.01000000000002,8163
2026-05-28T15:00:00+00:00,210.01000000000002,210.87000000000003,209.82000000000002,210.40000000000003,6134
2026-05-28T15:30:00+00:00,210.40000000000003,211.05,210.00000000000003,210.00000000000003,5005
2026-05-28T16:00:00+00:00,210.00000000000003,211.05,209.84000000000003,210.74000000000004,4443
2026-05-28T16:30:00+00:00,210.74000000000004,211.64000000000001,210.18000000000004,211.36,4018
2026-05-28T17:00:00+00:00,211.36,211.69000000000003,210.91000000000003,210.94000000000003,3459
2026-05-28T17:30:00+00:00,210.94000000000003,213.25000000000003,210.69000000000003,212.82000000000002,4560
2026-05-28T18:00:00+00:00,212.82000000000002,213.11,211.91000000000003,212.11,4745
2026-05-28T18:30:00+00:00,212.11,212.61,211.91000000000003,212.11,4310
2026-05-28T19:00:00+00:00,212.11,212.32000000000002,211.59000000000003,211.84000000000003,4044
2026-05-28T19:30:00+00:00,211.84000000000003,212.24000000000004,211.51000000000002,212.02000000000004,4847
2026-05-29T13:30:00+00:00,212.02000000000004,214.87000000000003,210.56000000000003,214.84000000000003,13438
2026-05-29T14:00:00+00:00,214.84000000000003,215.06000000000003,212.76000000000002,213.65000000000003,12989
2026-05-29T14:30:00+00:00,213.65000000000003,214.16000000000003,212.10000000000002,212.97000000000003,13013.99375
2026-05-29T15:00:00+00:00,212.97000000000003,214.81000000000003,212.68,213.20000000000002,9040
2026-05-29T15:30:00+00:00,213.20000000000002,213.58,212.59000000000003,212.82000000000002,6090
2026-05-29T16:00:00+00:00,212.82000000000002,214.92000000000002,212.81000000000003,213.8,5368
2026-05-29T16:30:00+00:00,213.8,215.32000000000002,213.59000000000003,214.43,5216
2026-05-29T17:00:00+00:00,214.43,214.86,213.94000000000003,214.08,3837
2026-05-29T17:30:00+00:00,214.08,214.17000000000002,213.21,213.3,3913
2026-05-29T18:00:00+00:00,213.3,214.84000000000003,213.09000000000003,214.78000000000003,4660
2026-05-29T18:30:00+00:00,214.78000000000003,215.28000000000003,214.25000000000003,214.52,6139
2026-05-29T19:00:00+00:00,214.52,215.63000000000002,214.47000000000003,214.81000000000003,5011
2026-05-29T19:30:00+00:00,214.81000000000003,215.26000000000002,208.97000000000003,209.22000000000003,10962
2026-06-01T13:30:00+00:00,209.22000000000003,218.65,209.22000000000003,216.96,17100
2026-06-01T14:00:00+00:00,216.96,219.98000000000002,216.37,219.18,12786
2026-06-01T14:30:00+00:00,219.18,219.89000000000001,217.11,217.42000000000002,10106
2026-06-01T15:00:00+00:00,217.42000000000002,218.09000000000003,216.81000000000003,217.23000000000002,8800
2026-06-01T15:30:00+00:00,217.23000000000002,218.47000000000003,217.15,217.47000000000003,7627
2026-06-01T16:00:00+00:00,217.47000000000003,220.17000000000002,217.42000000000002,219.75000000000003,6604
2026-06-01T16:30:00+00:00,219.75000000000003,220.19000000000003,218.82000000000002,219.89000000000001,7078
2026-06-01T17:00:00+00:00,219.89000000000001,220.05,219.16000000000003,219.77,5127
2026-06-01T17:30:00+00:00,219.77,221.84000000000003,219.34000000000003,221.35000000000002,7289
2026-06-01T18:00:00+00:00,221.35000000000002,222.46,220.89000000000001,222.42000000000002,6171
2026-06-01T18:30:00+00:00,222.42000000000002,222.60000000000002,221.58,221.8,4841
2026-06-01T19:00:00+00:00,221.8,222.67000000000002,221.48000000000002,221.81000000000003,5285
2026-06-01T19:30:00+00:00,221.81000000000003,222.24,220.20000000000002,222.20000000000002,7710
2026-06-02T13:30:00+00:00,222.20000000000002,230.08,222.20000000000002,229.18,17422
2026-06-02T14:00:00+00:00,229.18,229.45000000000002,226.14000000000001,226.27,13224
2026-06-02T14:30:00+00:00,226.27,226.77,223.16000000000003,223.93,10783
2026-06-02T15:00:00+00:00,223.93,224.94000000000003,223.47000000000003,223.71,8005
2026-06-02T15:30:00+00:00,223.71,224.68,222.53000000000003,223.26000000000002,6669
2026-06-02T16:00:00+00:00,223.26000000000002,223.76000000000002,221.96,222.64000000000001,6167
2026-06-02T16:30:00+00:00,222.64000000000001,223.37,222.33,223.09000000000003,4853
2026-06-02T17:00:00+00:00,223.09000000000003,223.43,221.68,221.98000000000002,5355
2026-06-02T17:30:00+00:00,221.98000000000002,222.02,220.38000000000002,220.97000000000003,5630
2026-06-02T18:00:00+00:00,220.97000000000003,221.44000000000003,220.38000000000002,220.76000000000002,4200
2026-06-02T18:30:00+00:00,220.76000000000002,220.99,219.70000000000002,220.42000000000002,4493
2026-06-02T19:00:00+00:00,220.42000000000002,221.27,220.39000000000001,220.45000000000002,4086
2026-06-02T19:30:00+00:00,220.45000000000002,220.74,219.16000000000003,220.64000000000001,7134
2026-06-03T13:30:00+00:00,220.64000000000001,220.64000000000001,213.85000000000002,215.03000000000003,17087
2026-06-03T14:00:00+00:00,215.03000000000003,215.39000000000001,213.20000000000002,213.95000000000002,13671
2026-06-03T14:30:00+00:00,213.95000000000002,214.10000000000002,212.39000000000001,213.55,10273.986929086539
2026-06-03T15:00:00+00:00,213.55,214.59000000000003,213.51000000000002,214.08,8588
2026-06-03T15:30:00+00:00,214.08,215.36,213.81000000000003,214.75000000000003,7778
2026-06-03T16:00:00+00:00,214.75000000000003,215.02,213.27,213.44000000000003,7449
2026-06-03T16:30:00+00:00,213.44000000000003,213.91000000000003,212.63000000000002,213.88000000000002,6418
2026-06-03T17:00:00+00:00,213.88000000000002,213.92000000000002,212.96,213.58,4945
2026-06-03T17:30:00+00:00,213.58,213.75000000000003,213.28000000000003,213.46,3842
2026-06-03T18:00:00+00:00,213.46,213.87,213.04000000000002,213.79000000000002,4589
2026-06-03T18:30:00+00:00,213.79000000000002,213.97000000000003,213.42000000000002,213.92000000000002,4468
2026-06-03T19:00:00+00:00,213.92000000000002,214.05,212.83,213.11,4902
2026-06-03T19:30:00+00:00,213.11,213.76000000000002,212.32000000000002,212.73000000000002,8640
2026-06-04T13:30:00+00:00,212.73000000000002,213.53000000000003,209.93,210.13000000000002,16616
2026-06-04T14:00:00+00:00,210.13000000000002,211.44000000000003,208.77,211.28000000000003,15988
2026-06-04T14:30:00+00:00,211.28000000000003,213.24,211.03000000000003,213.21,11745
2026-06-04T15:00:00+00:00,213.21,214.03000000000003,213.00000000000003,213.8,9840
2026-06-04T15:30:00+00:00,213.8,215.67000000000002,213.50000000000003,215.43,9534
2026-06-04T16:00:00+00:00,215.43,216.09000000000003,215.05,215.44000000000003,7929
2026-06-04T16:30:00+00:00,215.44000000000003,216.75000000000003,215.11,216.05,6741
2026-06-04T17:00:00+00:00,216.05,217.27,215.78000000000003,216.66000000000003,5818
2026-06-04T17:30:00+00:00,216.66000000000003,217.55,216.52,217.54000000000002,5856
2026-06-04T18:00:00+00:00,217.54000000000002,218.74,217.53000000000003,218.55,6023
2026-06-04T18:30:00+00:00,218.55,218.67000000000002,217.77,218.28000000000003,5557
2026-06-04T19:00:00+00:00,218.28000000000003,219.4,217.78000000000003,218.03000000000003,6076
2026-06-04T19:30:00+00:00,218.03000000000003,218.23000000000002,216.38000000000002,216.51000000000002,8856
2026-06-05T13:30:00+00:00,216.51000000000002,216.51000000000002,209.76000000000002,209.78000000000003,19157
2026-06-05T14:00:00+00:00,209.78000000000003,210.89000000000001,208.97000000000003,209.26000000000002,12988.980684765233
2026-06-05T14:30:00+00:00,209.26000000000002,210.09,208.19999999999996,208.92999999999998,10057.124810336545
2026-06-05T15:00:00+00:00,208.92999999999998,209.06999999999996,205.18999999999997,205.40999999999997,10361.71706699459
2026-06-05T15:30:00+00:00,205.40999999999997,206.07999999999998,204.23,206.02999999999997,12644
2026-06-05T16:00:00+00:00,206.02999999999997,206.03999999999996,204.92,205.43999999999997,12523
2026-06-05T16:30:00+00:00,205.43999999999997,205.48,203.33999999999997,204.82999999999998,14579
2026-06-05T17:00:00+00:00,204.82999999999998,204.84999999999997,203.49999999999997,204.40999999999997,12744
2026-06-05T17:30:00+00:00,204.40999999999997,205.65999999999997,204.21999999999997,204.67,10693
2026-06-05T18:00:00+00:00,204.67,204.76999999999998,202.48999999999998,202.71999999999997,12933
2026-06-05T18:30:00+00:00,202.71999999999997,202.83999999999997,201.39999999999998,202.61999999999998,16365
2026-06-05T19:00:00+00:00,202.61999999999998,203.07999999999998,201.02999999999997,203.07999999999998,17786
2026-06-05T19:30:00+00:00,203.07999999999998,203.45999999999998,201.76999999999998,201.83999999999997,18399
2026-06-08T13:30:00+00:00,201.83999999999997,207.01999999999998,201.83999999999997,202.95,18193
2026-06-08T14:00:00+00:00,202.95,204.68999999999997,202.7,204.52999999999997,15847
2026-06-08T14:30:00+00:00,204.52999999999997,205.46999999999997,204.24999999999997,205.23,11615
2026-06-08T15:00:00+00:00,205.23,205.60999999999999,204.20999999999998,204.37999999999997,9077
2026-06-08T15:30:00+00:00,204.37999999999997,206.04999999999998,203.85999999999999,205.00999999999996,10738
2026-06-08T16:00:00+00:00,205.00999999999996,206.45,204.84999999999997,205.25999999999996,8056
2026-06-08T16:30:00+00:00,205.25999999999996,205.65999999999997,204.89999999999998,205.26999999999998,8334
2026-06-08T17:00:00+00:00,205.26999999999998,205.33999999999997,204.34999999999997,205.29999999999998,9181
2026-06-08T17:30:00+00:00,205.29999999999998,205.92999999999998,204.71999999999997,205.49999999999997,8828
2026-06-08T18:00:00+00:00,205.49999999999997,206.32999999999998,205.48999999999998,205.93999999999997,6552
2026-06-08T18:30:00+00:00,205.93999999999997,206.05999999999997,205.42,205.52999999999997,5927
2026-06-08T19:00:00+00:00,205.52999999999997,205.64999999999998,204.05999999999997,204.52999999999997,8526
2026-06-08T19:30:00+00:00,204.52999999999997,205.45,204.35999999999999,205.39,9227
2026-06-09T13:30:00+00:00,205.39,208.09999999999997,205.39,205.74999999999997,17967
2026-06-09T14:00:00+00:00,205.74999999999997,205.87999999999997,202.58999999999997,203.68999999999997,21329
2026-06-09T14:30:00+00:00,203.68999999999997,204.27999999999997,201.54999999999998,203.03999999999996,22615
2026-06-09T15:00:00+00:00,203.03999999999996,203.46999999999997,200.00999999999996,200.12999999999997,17018
2026-06-09T15:30:00+00:00,200.12999999999997,202.23,199.54999999999998,199.73999999999998,19619
2026-06-09T16:00:00+00:00,199.73999999999998,200.39999999999998,196.74999999999997,198.17,21445
2026-06-09T16:30:00+00:00,198.17,198.67999999999998,196.04999999999998,198.64999999999998,25046
2026-06-09T17:00:00+00:00,198.64999999999998,200.92999999999998,198.37999999999997,200.60999999999999,20593
2026-06-09T17:30:00+00:00,200.60999999999999,202.12999999999997,200.36999999999998,201.73999999999998,17647
2026-06-09T18:00:00+00:00,201.73999999999998,203.15999999999997,201.60999999999999,203.12999999999997,17350
2026-06-09T18:30:00+00:00,203.12999999999997,204.05999999999997,202.75999999999996,203.76999999999998,14835
2026-06-09T19:00:00+00:00,203.76999999999998,204.15999999999997,201.23999999999998,202.61999999999998,18425
2026-06-09T19:30:00+00:00,202.61999999999998,204.92,202.07999999999998,204.83999999999997,18760
2026-06-10T13:30:00+00:00,204.83999999999997,204.83999999999997,200.90999999999997,201.60999999999999,23012
2026-06-10T14:00:00+00:00,201.60999999999999,203.48,201.53999999999996,202.89,19983
2026-06-10T14:30:00+00:00,202.89,203.52999999999997,200.48,200.6,18818.904260192394
2026-06-10T15:00:00+00:00,200.6,201.20999999999998,198.29999999999998,199.41,20252
2026-06-10T15:30:00+00:00,199.41,200.41,198.55999999999997,200.16,18378
2026-06-10T16:00:00+00:00,200.16,200.55999999999997,199.07999999999998,199.57,13917
2026-06-10T16:30:00+00:00,199.57,200.63,199.07,199.54999999999998,12905
2026-06-10T17:00:00+00:00,199.54999999999998,200.32,198.69,199.20999999999998,11377
2026-06-10T17:30:00+00:00,199.20999999999998,200.14,198.55999999999997,199.85999999999999,11757
2026-06-10T18:00:00+00:00,199.85999999999999,200.10999999999999,198.80999999999997,198.94,11159
2026-06-10T18:30:00+00:00,198.94,199.04999999999998,197.58999999999997,197.83999999999997,10236
2026-06-10T19:00:00+00:00,197.83999999999997,198.13,196.60999999999999,196.91,11397
2026-06-10T19:30:00+00:00,196.91,198.57,196.80999999999997,197.04,13553
2026-06-11T13:30:00+00:00,197.04,200.26999999999998,197.04,199.48,20048
2026-06-11T14:00:00+00:00,199.48,200.33999999999997,197.91,199.04,19516
2026-06-11T14:30:00+00:00,199.04,199.67999999999998,196.54,196.89,17686
2026-06-11T15:00:00+00:00,196.89,198.52999999999997,196.23,197.35999999999999,16946
2026-06-11T15:30:00+00:00,197.35999999999999,198.60999999999999,197.17,198.01,14102
2026-06-11T16:00:00+00:00,198.01,198.73,197.73,198.01,12293
2026-06-11T16:30:00+00:00,198.01,198.66,196.98,197.01,11342
2026-06-11T17:00:00+00:00,197.01,199.54999999999998,196.39,199.48,11697
2026-06-11T17:30:00+00:00,199.48,201.16,198.35999999999999,199.66,17099
2026-06-11T18:00:00+00:00,199.66,199.97,198.32999999999998,199.42999999999998,13863
2026-06-11T18:30:00+00:00,199.42999999999998,199.73999999999998,198.66,199.54,9628
2026-06-11T19:00:00+00:00,199.54,201.35999999999999,198.7,201.16,10907
2026-06-11T19:30:00+00:00,201.16,202.32999999999998,200.83999999999997,201.36999999999998,14297
2026-06-12T13:30:00+00:00,201.36999999999998,202.94,200.13,200.61999999999998,17904
2026-06-12T14:00:00+00:00,200.61999999999998,203.35999999999999,200.60999999999999,202.36999999999998,13076
2026-06-12T14:30:00+00:00,202.36999999999998,202.94,200.64,202.42999999999998,15255.49156418021
2026-06-12T15:00:00+00:00,202.42999999999998,203.79,201.92,203.69,10687
2026-06-12T15:30:00+00:00,203.69,203.72,200.63,200.89,13468
2026-06-12T16:00:00+00:00,200.89,202.51999999999998,200.66,201.73,13321
2026-06-12T16:30:00+00:00,201.73,201.92999999999998,201.05999999999997,201.88,9003
2026-06-12T17:00:00+00:00,201.88,202.23,201.36999999999998,201.73999999999998,7434
2026-06-12T17:30:00+00:00,201.73999999999998,202.01999999999998,201.41,201.80999999999997,7277
2026-06-12T18:00:00+00:00,201.80999999999997,202.26,200.91,201.64999999999998,7498
2026-06-12T18:30:00+00:00,201.64999999999998,202.04999999999998,201.30999999999997,201.35999999999999,6172
2026-06-12T19:00:00+00:00,201.35999999999999,201.83999999999997,201.33999999999997,201.45999999999998,6336
2026-06-12T19:30:00+00:00,201.45999999999998,201.98999999999998,200.63,201.86999999999998,8786
2026-06-15T13:30:00+00:00,201.86999999999998,207.69,201.86999999999998,205.47,15841
2026-06-15T14:00:00+00:00,205.47,206.32,205.04999999999998,206.10999999999999,12569
2026-06-15T14:30:00+00:00,206.10999999999999,207.17,205.95,207.07999999999998,9859
2026-06-15T15:00:00+00:00,207.07999999999998,208.11999999999998,207.04999999999998,207.89999999999998,7317
2026-06-15T15:30:00+00:00,207.89999999999998,209.42999999999998,207.64999999999998,208.98,7434
2026-06-15T16:00:00+00:00,208.98,209.33999999999997,208.7,209.07,5721
2026-06-15T16:30:00+00:00,209.07,209.27999999999997,208.57999999999998,209.04999999999998,5051
2026-06-15T17:00:00+00:00,209.04999999999998,209.39,208.73999999999998,209.23,5196
2026-06-15T17:30:00+00:00,209.23,209.36999999999998,208.51,208.54,3823
2026-06-15T18:00:00+00:00,208.54,209.01999999999998,208.14,208.67,5154
2026-06-15T18:30:00+00:00,208.67,209.29,208.5,209,4229
2026-06-15T19:00:00+00:00,209,209.07999999999998,208.33999999999997,208.38,4804
2026-06-15T19:30:00+00:00,208.38,209.32,208.01,209.2,7253
2026-06-16T13:30:00+00:00,209.2,209.2,205.36999999999998,205.39999999999998,13697
2026-06-16T14:00:00+00:00,205.39999999999998,207.07999999999998,205.26999999999998,205.77999999999997,14015
2026-06-16T14:30:00+00:00,205.77999999999997,206.52999999999997,205.25,206.04999999999998,14519
2026-06-16T15:00:00+00:00,206.04999999999998,207.04,205.42,205.85,12084
2026-06-16T15:30:00+00:00,205.85,206.38,205.25,205.89999999999998,12242
2026-06-16T16:00:00+00:00,205.89999999999998,206.45,205.85999999999999,206.01,8664
2026-06-16T16:30:00+00:00,206.01,206.01999999999998,205,205.85999999999999,8871
2026-06-16T17:00:00+00:00,205.85999999999999,206.04,205.44,205.82,6763
2026-06-16T17:30:00+00:00,205.82,206.42,205.57999999999998,206.17,6396
2026-06-16T18:00:00+00:00,206.17,206.54999999999998,205.89999999999998,206.17999999999998,5486
2026-06-16T18:30:00+00:00,206.17999999999998,206.23,205.48,205.72,5942
2026-06-16T19:00:00+00:00,205.72,206.13,204.77999999999997,205.67,8698
2026-06-16T19:30:00+00:00,205.67,205.82999999999998,204.01999999999998,204.04999999999998,11364
2026-06-17T13:30:00+00:00,204.04999999999998,205.92999999999998,203.83999999999997,203.92,14302
2026-06-17T14:00:00+00:00,203.92,204.94,203.45999999999998,204.60999999999999,12749
2026-06-17T14:30:00+00:00,204.60999999999999,204.63,203.06,203.18,14142.037467216185
2026-06-17T15:00:00+00:00,203.18,203.75,202.61,203.15,10690
2026-06-17T15:30:00+00:00,203.15,203.43,202.74,203.1,6965
2026-06-17T16:00:00+00:00,203.1,204.37,203.1,204.12,5416
2026-06-17T16:30:00+00:00,204.12,204.33,203.77,203.84,5074
2026-06-17T17:00:00+00:00,203.84,204.24,203.42000000000002,204.06,5511
2026-06-17T17:30:00+00:00,204.06,204.62,203.78,204.47,4628
2026-06-17T18:00:00+00:00,204.47,204.53,202.01,202.67000000000002,15987
2026-06-17T18:30:00+00:00,202.67000000000002,204.37,202.17000000000002,202.64000000000001,17205
2026-06-17T19:00:00+00:00,202.64000000000001,203.18,201.13,201.42000000000002,17709
2026-06-17T19:30:00+00:00,201.42000000000002,201.85,200.15,201.39000000000001,18344
2026-06-18T13:30:00+00:00,201.39000000000001,205.04,201.39000000000001,204.54,17034
2026-06-18T14:00:00+00:00,204.54,206.57,204.20000000000002,205.82,14351
2026-06-18T14:30:00+00:00,205.82,206.48000000000002,205.32,206.03000000000003,12723.75446925737
2026-06-18T15:00:00+00:00,206.03000000000003,206.37000000000003,205.32000000000005,205.59000000000003,10743
2026-06-18T15:30:00+00:00,205.59000000000003,205.81000000000003,204.37000000000003,205.70000000000005,10027
2026-06-18T16:00:00+00:00,205.70000000000005,206.83000000000004,205.67000000000004,206.72000000000006,7633
2026-06-18T16:30:00+00:00,206.72000000000006,207.92000000000004,206.66000000000005,206.78000000000003,7173
2026-06-18T17:00:00+00:00,206.78000000000003,207.24000000000004,206.60000000000005,206.79000000000005,5671
2026-06-18T17:30:00+00:00,206.79000000000005,207.22000000000006,206.54000000000005,206.63000000000005,4342
2026-06-18T18:00:00+00:00,206.63000000000005,207.26000000000005,206.33000000000004,206.91000000000005,5496
2026-06-18T18:30:00+00:00,206.91000000000005,207.21000000000004,206.29000000000005,206.41000000000005,4815
2026-06-18T19:00:00+00:00,206.41000000000005,206.92000000000004,206.41000000000005,206.58000000000004,6157
2026-06-18T19:30:00+00:00,206.58000000000004,208.11000000000004,206.23000000000005,206.99000000000004,9635
2026-06-22T13:30:00+00:00,206.99000000000004,210.70000000000005,206.99000000000004,209.81000000000003,16293
2026-06-22T14:00:00+00:00,209.81000000000003,210.70000000000005,207.83000000000004,207.85000000000005,13040
2026-06-22T14:30:00+00:00,207.85000000000005,207.88000000000005,205.33000000000004,205.83000000000004,17136
2026-06-22T15:00:00+00:00,205.83000000000004,207.10000000000005,205.74000000000004,206.54000000000005,12758
2026-06-22T15:30:00+00:00,206.54000000000005,207.61000000000004,206.12000000000003,206.19000000000005,10457
2026-06-22T16:00:00+00:00,206.19000000000005,206.70000000000005,205.88000000000005,206.48000000000005,9250
2026-06-22T16:30:00+00:00,206.48000000000005,206.64000000000004,205.88000000000005,206.11000000000004,7538
2026-06-22T17:00:00+00:00,206.11000000000004,206.34000000000003,205.61000000000004,205.71000000000004,5681
2026-06-22T17:30:00+00:00,205.71000000000004,205.77000000000004,205.18000000000004,205.28000000000003,5608
2026-06-22T18:00:00+00:00,205.28000000000003,206.00000000000006,205.18000000000004,205.47000000000006,4380
2026-06-22T18:30:00+00:00,205.47000000000006,205.86000000000004,205.28000000000003,205.34000000000003,5312
2026-06-22T19:00:00+00:00,205.34000000000003,205.65000000000003,204.67000000000004,204.73000000000005,6083
2026-06-22T19:30:00+00:00,204.73000000000005,205.58000000000004,204.43000000000004,205.26000000000005,7541
2026-06-23T13:30:00+00:00,205.26000000000005,205.26000000000005,196.76000000000005,200.09000000000003,20444
2026-06-23T14:00:00+00:00,200.09000000000003,200.31000000000003,199.29000000000005,199.76000000000005,16615
2026-06-23T14:30:00+00:00,199.76000000000005,200.16000000000005,198.62000000000003,198.95000000000005,16184
2026-06-23T15:00:00+00:00,198.95000000000005,199.22000000000006,197.14000000000004,197.47000000000006,13258
2026-06-23T15:30:00+00:00,197.47000000000006,198.85000000000005,197.34000000000003,198.56000000000003,11329
2026-06-23T16:00:00+00:00,198.56000000000003,199.69000000000005,198.52000000000004,198.95000000000005,9480
2026-06-23T16:30:00+00:00,198.95000000000005,199.26000000000005,198.64000000000004,199.02000000000004,8043
2026-06-23T17:00:00+00:00,199.02000000000004,199.53000000000003,198.46000000000004,199.21000000000004,7842
2026-06-23T17:30:00+00:00,199.21000000000004,199.35000000000005,198.32000000000005,198.33000000000004,7307
2026-06-23T18:00:00+00:00,198.33000000000004,198.74000000000004,198.15000000000003,198.36000000000004,7111
2026-06-23T18:30:00+00:00,198.36000000000004,198.38000000000005,197.02000000000004,197.34000000000003,8442
2026-06-23T19:00:00+00:00,197.34000000000003,198.19000000000005,197.23000000000005,197.94000000000005,11507
2026-06-23T19:30:00+00:00,197.94000000000005,198.20000000000005,196.73000000000005,196.75000000000006,13567
2026-06-24T13:30:00+00:00,196.75000000000006,198.35000000000005,196.12000000000003,196.95000000000005,17834
2026-06-24T14:00:00+00:00,196.95000000000005,197.25000000000006,195.32000000000005,196.58000000000004,16152
2026-06-24T14:30:00+00:00,196.58000000000004,198.02000000000004,196.57000000000005,197.89000000000004,11036.156881228118
2026-06-24T15:00:00+00:00,197.89000000000004,198.21000000000004,197.04000000000002,197.61000000000004,8715
2026-06-24T15:30:00+00:00,197.61000000000004,197.96000000000004,197.10000000000002,197.51000000000002,9159
2026-06-24T16:00:00+00:00,197.51000000000002,197.72000000000003,197.24000000000004,197.42000000000004,8688
2026-06-24T16:30:00+00:00,197.42000000000004,197.45000000000005,195.83000000000004,195.93000000000004,9604
2026-06-24T17:00:00+00:00,195.93000000000004,196.26000000000002,194.57000000000002,194.66000000000003,11035
2026-06-24T17:30:00+00:00,194.66000000000003,195.04000000000002,194.08000000000004,194.16000000000003,13097
2026-06-24T18:00:00+00:00,194.16000000000003,195.47000000000003,194.02000000000004,195.28000000000003,11754
2026-06-24T18:30:00+00:00,195.28000000000003,195.44000000000003,193.75000000000003,193.88000000000002,11546
2026-06-24T19:00:00+00:00,193.88000000000002,194.71000000000004,193.28000000000003,194.46000000000004,13323
2026-06-24T19:30:00+00:00,194.46000000000004,195.94000000000003,193.64000000000004,195.70000000000005,13537
2026-06-25T13:30:00+00:00,195.70000000000005,197.39000000000004,188.83000000000004,189.08000000000004,21792
2026-06-25T14:00:00+00:00,189.08000000000004,192.60000000000002,189.03000000000003,191.19000000000003,23483
2026-06-25T14:30:00+00:00,191.19000000000003,193.15000000000003,190.97000000000003,192.16000000000003,18504
2026-06-25T15:00:00+00:00,192.16000000000003,193.38000000000002,191.47000000000003,191.87000000000003,16419
2026-06-25T15:30:00+00:00,191.87000000000003,193.09000000000003,191.83000000000004,192.29000000000002,13438
2026-06-25T16:00:00+00:00,192.29000000000002,193.76000000000002,192.26000000000002,192.68000000000004,11573
2026-06-25T16:30:00+00:00,192.68000000000004,192.71000000000004,191.20000000000005,191.55000000000004,10717
2026-06-25T17:00:00+00:00,191.55000000000004,192.44000000000003,191.25000000000003,192.11000000000004,9602
2026-06-25T17:30:00+00:00,192.11000000000004,192.37000000000003,191.07000000000002,191.50000000000003,9278
2026-06-25T18:00:00+00:00,191.50000000000003,192.56000000000003,190.42000000000004,192.47000000000003,11177
2026-06-25T18:30:00+00:00,192.47000000000003,192.48000000000005,190.80000000000004,191.11000000000004,9949
2026-06-25T19:00:00+00:00,191.11000000000004,191.35000000000002,190.40000000000003,191.06000000000003,9785
2026-06-25T19:30:00+00:00,191.06000000000003,192.63000000000002,190.59000000000003,192.50000000000003,12051
2026-06-26T13:30:00+00:00,192.50000000000003,192.50000000000003,187.91000000000003,190.27000000000004,20500
2026-06-26T14:00:00+00:00,190.27000000000004,191.23000000000005,189.96000000000004,190.42000000000004,17122
2026-06-26T14:30:00+00:00,190.42000000000004,190.63000000000002,189.35000000000002,189.80000000000007,15711.933479721003
2026-06-26T15:00:00+00:00,189.80000000000007,190.38000000000005,189.21000000000006,190.35000000000005,13695
2026-06-26T15:30:00+00:00,190.35000000000005,191.99000000000007,190.32000000000005,191.09000000000006,12436
2026-06-26T16:00:00+00:00,191.09000000000006,191.14000000000007,190.36000000000007,190.89000000000007,10117
2026-06-26T16:30:00+00:00,190.89000000000007,191.31000000000006,190.66000000000005,190.87000000000006,7615
2026-06-26T17:00:00+00:00,190.87000000000006,191.92000000000007,190.75000000000006,191.76000000000008,6776
2026-06-26T17:30:00+00:00,191.76000000000008,192.29000000000005,191.04000000000005,191.33000000000007,8134
2026-06-26T18:00:00+00:00,191.33000000000007,192.03000000000006,190.64000000000007,190.74000000000007,8374
2026-06-26T18:30:00+00:00,190.74000000000007,191.10000000000005,190.13000000000005,190.42000000000007,8094
2026-06-26T19:00:00+00:00,190.42000000000007,191.26000000000008,190.27000000000007,190.70000000000007,8658
2026-06-26T19:30:00+00:00,190.70000000000007,191.92000000000007,188.46000000000006,188.49000000000007,11093
2026-06-29T13:30:00+00:00,188.49000000000007,192.87000000000006,188.49000000000007,190.03000000000006,19645
2026-06-29T14:00:00+00:00,190.03000000000006,190.39000000000007,186.53000000000006,189.46000000000006,20576
2026-06-29T14:30:00+00:00,189.46000000000006,191.67000000000007,189.30000000000007,191.59000000000006,13728
2026-06-29T15:00:00+00:00,191.59000000000006,191.84000000000006,190.45000000000007,190.97000000000006,10678
2026-06-29T15:30:00+00:00,190.97000000000006,191.10000000000005,190.32000000000005,190.70000000000007,9309
2026-06-29T16:00:00+00:00,190.70000000000007,190.96000000000006,189.49000000000007,189.56000000000006,7258
2026-06-29T16:30:00+00:00,189.56000000000006,190.73000000000008,189.44000000000005,190.55000000000007,6091
2026-06-29T17:00:00+00:00,190.55000000000007,191.52000000000007,190.54000000000005,191.40000000000006,6246
2026-06-29T17:30:00+00:00,191.40000000000006,191.79000000000005,190.44000000000005,190.66000000000005,4645
2026-06-29T18:00:00+00:00,190.66000000000005,190.79000000000005,190.41000000000005,190.52000000000007,4929
2026-06-29T18:30:00+00:00,190.52000000000007,191.00000000000006,190.48000000000008,190.71000000000006,4006
2026-06-29T19:00:00+00:00,190.71000000000006,191.61000000000007,190.54000000000005,191.45000000000007,5195
2026-06-29T19:30:00+00:00,191.45000000000007,191.90000000000006,191.24000000000007,191.64000000000007,7543
2026-06-30T13:30:00+00:00,191.64000000000007,195.76000000000008,191.64000000000007,194.58000000000007,15840
2026-06-30T14:00:00+00:00,194.58000000000007,195.49000000000007,193.36000000000007,194.43000000000006,12274
2026-06-30T14:30:00+00:00,194.43000000000006,195.08000000000007,193.16000000000005,193.79000000000005,10544
2026-06-30T15:00:00+00:00,193.79000000000005,195.39000000000007,193.74000000000007,194.95000000000007,8614
2026-06-30T15:30:00+00:00,194.95000000000007,195.39000000000007,194.53000000000006,194.93000000000006,6646
2026-06-30T16:00:00+00:00,194.93000000000006,195.35000000000005,194.58000000000007,194.68000000000006,4940
2026-06-30T16:30:00+00:00,194.68000000000006,195.13000000000005,194.36000000000007,194.98000000000008,4181
2026-06-30T17:00:00+00:00,194.98000000000008,195.29000000000005,194.73000000000008,194.95000000000007,4012
2026-06-30T17:30:00+00:00,194.95000000000007,195.56000000000006,194.79000000000005,195.12000000000006,4048
2026-06-30T18:00:00+00:00,195.12000000000006,196.21000000000006,195.03000000000006,195.64000000000007,4542
2026-06-30T18:30:00+00:00,195.64000000000007,195.82000000000005,194.82000000000005,195.56000000000006,5001
2026-06-30T19:00:00+00:00,195.56000000000006,196.15000000000006,195.47000000000006,196.02000000000007,5173
2026-06-30T19:30:00+00:00,196.02000000000007,197.36000000000007,195.09000000000006,196.49000000000007,9354
2026-07-01T13:30:00+00:00,196.49000000000007,196.49000000000007,190.18000000000006,192.16000000000005,18729
2026-07-01T14:00:00+00:00,192.16000000000005,193.31000000000006,191.74000000000007,192.94000000000005,11996
2026-07-01T14:30:00+00:00,192.94000000000005,193.14000000000007,191.20000000000007,192.38000000000008,11574.4117273665
2026-07-01T15:00:00+00:00,192.38000000000008,193.7700000000001,192.36000000000007,193.70000000000007,9961
2026-07-01T15:30:00+00:00,193.70000000000007,193.98000000000008,193.4000000000001,193.86000000000007,7896
2026-07-01T16:00:00+00:00,193.86000000000007,194.13000000000008,193.3400000000001,193.8400000000001,6798
2026-07-01T16:30:00+00:00,193.8400000000001,194.41000000000008,193.67000000000007,193.92000000000007,6058
2026-07-01T17:00:00+00:00,193.92000000000007,195.26000000000008,193.7100000000001,194.98000000000008,6501
2026-07-01T17:30:00+00:00,194.98000000000008,195.69000000000008,194.79000000000008,195.44000000000008,5248
2026-07-01T18:00:00+00:00,195.44000000000008,195.63000000000008,194.44000000000008,194.86000000000007,5396
2026-07-01T18:30:00+00:00,194.86000000000007,195.2700000000001,194.67000000000007,195.1500000000001,4774
2026-07-01T19:00:00+00:00,195.1500000000001,196.6200000000001,195.10000000000008,196.07000000000008,6831
2026-07-01T19:30:00+00:00,196.07000000000008,196.48000000000008,194.01000000000008,194.38000000000008,9598
2026-07-02T13:30:00+00:00,194.38000000000008,195.70000000000007,193.54000000000008,195.6500000000001,16041
2026-07-02T14:00:00+00:00,195.6500000000001,196.82000000000008,194.20000000000007,194.61000000000007,15799
2026-07-02T14:30:00+00:00,194.61000000000007,194.9600000000001,191.97000000000008,192.9100000000001,18512.214867103652
2026-07-02T15:00:00+00:00,192.9100000000001,193.1600000000001,191.08000000000013,191.4400000000001,17570
2026-07-02T15:30:00+00:00,191.4400000000001,192.6600000000001,190.6900000000001,191.1600000000001,14189
2026-07-02T16:00:00+00:00,191.1600000000001,191.3200000000001,190.2900000000001,190.46000000000012,13099
2026-07-02T16:30:00+00:00,190.46000000000012,190.83000000000013,189.81000000000012,190.1600000000001,12371
2026-07-02T17:00:00+00:00,190.1600000000001,190.3800000000001,189.43000000000012,189.7300000000001,11631
2026-07-02T17:30:00+00:00,189.7300000000001,189.95000000000013,189.0100000000001,189.20000000000013,10772
2026-07-02T18:00:00+00:00,189.20000000000013,190.53000000000011,189.17000000000013,190.4400000000001,10866
2026-07-02T18:30:00+00:00,190.4400000000001,190.62000000000012,189.5700000000001,190.11000000000013,9189
2026-07-02T19:00:00+00:00,190.11000000000013,190.20000000000013,189.20000000000013,189.78000000000011,10653
2026-07-02T19:30:00+00:00,189.78000000000011,191.52000000000012,189.7200000000001,191.2200000000001,11963
2026-07-06T13:30:00+00:00,191.2200000000001,193.17000000000013,190.65000000000012,192.90000000000012,16181
2026-07-06T14:00:00+00:00,192.90000000000012,194.0700000000001,192.53000000000011,193.2500000000001,13095
2026-07-06T14:30:00+00:00,193.2500000000001,193.43000000000012,192.33000000000013,192.6900000000001,9127
2026-07-06T15:00:00+00:00,192.6900000000001,193.2200000000001,192.02000000000012,193.1600000000001,8942
2026-07-06T15:30:00+00:00,193.1600000000001,193.33000000000013,192.6900000000001,193.08000000000013,6547
2026-07-06T16:00:00+00:00,193.08000000000013,194.18000000000012,192.93000000000012,193.67000000000013,6289
2026-07-06T16:30:00+00:00,193.67000000000013,193.92000000000013,192.93000000000012,193.09000000000012,4859
2026-07-06T17:00:00+00:00,193.09000000000012,193.56000000000012,192.5100000000001,192.64000000000013,4563
2026-07-06T17:30:00+00:00,192.64000000000013,192.7500000000001,192.30000000000013,192.37000000000012,5818
2026-07-06T18:00:00+00:00,192.37000000000012,193.3500000000001,192.3500000000001,192.9400000000001,4535
2026-07-06T18:30:00+00:00,192.9400000000001,193.3200000000001,192.70000000000013,193.2900000000001,3572
2026-07-06T19:00:00+00:00,193.2900000000001,193.81000000000012,193.15000000000012,193.52000000000012,5082
2026-07-06T19:30:00+00:00,193.52000000000012,193.68000000000012,192.12000000000012,192.27000000000012,7450
2026-07-07T13:30:00+00:00,192.27000000000012,192.27000000000012,188.11000000000013,189.3200000000001,22430
2026-07-07T14:00:00+00:00,189.3200000000001,190.1600000000001,188.1300000000001,188.52000000000012,20374
2026-07-07T14:30:00+00:00,188.52000000000012,189.46000000000012,187.8200000000001,189.2200000000001,16129
2026-07-07T15:00:00+00:00,189.2200000000001,190.03000000000011,188.99000000000012,189.7300000000001,11790
2026-07-07T15:30:00+00:00,189.7300000000001,191.45000000000013,189.4700000000001,191.40000000000012,9630
2026-07-07T16:00:00+00:00,191.40000000000012,194.2600000000001,191.27000000000012,194.05000000000013,9738
2026-07-07T16:30:00+00:00,194.05000000000013,194.80000000000013,193.30000000000013,194.12000000000012,8200
2026-07-07T17:00:00+00:00,194.12000000000012,195.0700000000001,193.96000000000012,194.11000000000013,7679
2026-07-07T17:30:00+00:00,194.11000000000013,194.92000000000013,194.03000000000011,194.62000000000012,5856
2026-07-07T18:00:00+00:00,194.62000000000012,194.6300000000001,193.89000000000013,193.93000000000012,5655
2026-07-07T18:30:00+00:00,193.93000000000012,194.3200000000001,192.9800000000001,193.08000000000013,7921
2026-07-07T19:00:00+00:00,193.08000000000013,193.58000000000013,192.37000000000012,192.81000000000012,11010
2026-07-07T19:30:00+00:00,192.81000000000012,193.6900000000001,192.15000000000012,193.62000000000012,11705
2026-07-08T13:30:00+00:00,193.62000000000012,196.52000000000012,191.6900000000001,194.2600000000001,18365
2026-07-08T14:00:00+00:00,194.2600000000001,194.3800000000001,193.0400000000001,193.67000000000013,16957
2026-07-08T14:30:00+00:00,193.67000000000013,195.7500000000001,192.7200000000001,195.4700000000001,16441.5
2026-07-08T15:00:00+00:00,195.4700000000001,196.1300000000001,193.09000000000012,193.2600000000001,10390
2026-07-08T15:30:00+00:00,193.2600000000001,194.5400000000001,193.24000000000012,193.92000000000013,10102
2026-07-08T16:00:00+00:00,193.92000000000013,196.80000000000013,193.90000000000012,195.96000000000012,9407
2026-07-08T16:30:00+00:00,195.96000000000012,197.89000000000013,195.61000000000013,197.70000000000013,9394
2026-07-08T17:00:00+00:00,197.70000000000013,199.8200000000001,196.9400000000001,199.77000000000012,7754
2026-07-08T17:30:00+00:00,199.77000000000012,200.4100000000001,198.6300000000001,198.90000000000012,7525
2026-07-08T18:00:00+00:00,198.90000000000012,199.65000000000012,198.6000000000001,198.90000000000012,7424
2026-07-08T18:30:00+00:00,198.90000000000012,200.90000000000012,198.7900000000001,200.87000000000012,6690
2026-07-08T19:00:00+00:00,200.87000000000012,201.5100000000001,200.7600000000001,201.1300000000001,7278
2026-07-08T19:30:00+00:00,201.1300000000001,201.8500000000001,200.4700000000001,200.7900000000001,10035
2026-07-09T13:30:00+00:00,200.7900000000001,201.1300000000001,198.02000000000012,198.7500000000001,16564
2026-07-09T14:00:00+00:00,198.7500000000001,198.86000000000013,195.67000000000013,196.9100000000001,15492
2026-07-09T14:30:00+00:00,196.9100000000001,198.37000000000012,196.0000000000001,197.98000000000013,13163
2026-07-09T15:00:00+00:00,197.98000000000013,198.90000000000012,197.70000000000013,198.43000000000012,9208
2026-07-09T15:30:00+00:00,198.43000000000012,198.83000000000013,197.86000000000013,198.45000000000013,6864
2026-07-09T16:00:00+00:00,198.45000000000013,199.2200000000001,198.40000000000012,198.8800000000001,5967
2026-07-09T16:30:00+00:00,198.8800000000001,199.27000000000012,198.33000000000013,198.4100000000001,5290
2026-07-09T17:00:00+00:00,198.4100000000001,200.0400000000001,198.39000000000013,199.53000000000011,4863
2026-07-09T17:30:00+00:00,199.53000000000011,200.23000000000013,199.4700000000001,200.02000000000012,4637
2026-07-09T18:00:00+00:00,200.02000000000012,200.2600000000001,199.62000000000012,200.21000000000012,4746
2026-07-09T18:30:00+00:00,200.21000000000012,200.9100000000001,200.1000000000001,200.1600000000001,5066
2026-07-09T19:00:00+00:00,200.1600000000001,201.2900000000001,199.65000000000012,200.5000000000001,5487
2026-07-09T19:30:00+00:00,200.5000000000001,200.83000000000013,199.28000000000011,199.45000000000013,7435
2026-07-10T13:30:00+00:00,199.45000000000013,204.14000000000013,198.56000000000012,204.0400000000001,16222
2026-07-10T14:00:00+00:00,204.0400000000001,204.8500000000001,202.6000000000001,204.0000000000001,14335
2026-07-10T14:30:00+00:00,204.0000000000001,204.53000000000011,202.40000000000012,202.78000000000011,16314.837052727135
2026-07-10T15:00:00+00:00,202.78000000000011,205.4700000000001,202.53000000000011,205.23000000000013,11351
2026-07-10T15:30:00+00:00,205.23000000000013,206.14000000000013,204.30000000000013,205.67000000000013,11691
2026-07-10T16:00:00+00:00,205.67000000000013,207.2200000000001,205.56000000000012,206.45000000000013,8890
2026-07-10T16:30:00+00:00,206.45000000000013,207.04000000000013,206.07000000000014,206.27000000000012,5927
2026-07-10T17:00:00+00:00,206.27000000000012,206.98000000000013,206.16000000000014,206.83000000000013,4752
2026-07-10T17:30:00+00:00,206.83000000000013,207.54000000000013,206.73000000000013,207.04000000000013,5083
2026-07-10T18:00:00+00:00,207.04000000000013,207.51000000000013,206.59000000000012,206.96000000000012,4900
2026-07-10T18:30:00+00:00,206.96000000000012,207.08000000000013,206.45000000000013,206.80000000000013,3864
2026-07-10T19:00:00+00:00,206.80000000000013,207.39000000000013,206.40000000000012,206.63000000000014,4397
2026-07-10T19:30:00+00:00,206.63000000000014,207.66000000000014,206.23000000000013,207.62000000000012,5784
2026-07-13T13:30:00+00:00,207.62000000000012,207.62000000000012,203.67000000000013,205.34000000000012,15280
2026-07-13T14:00:00+00:00,205.34000000000012,206.23000000000013,204.38000000000014,205.29000000000013,13566
2026-07-13T14:30:00+00:00,205.29000000000013,205.53000000000011,203.30000000000013,204.06000000000012,12527
2026-07-13T15:00:00+00:00,204.06000000000012,204.71000000000012,203.71000000000012,204.45000000000013,10365
2026-07-13T15:30:00+00:00,204.45000000000013,204.70000000000013,203.33000000000013,203.41000000000014,9417
2026-07-13T16:00:00+00:00,203.41000000000014,203.48000000000013,202.2200000000001,202.55000000000013,8732
2026-07-13T16:30:00+00:00,202.55000000000013,202.56000000000012,200.98000000000013,201.29000000000013,10133
2026-07-13T17:00:00+00:00,201.29000000000013,201.83000000000013,200.5000000000001,200.89000000000013,7634
2026-07-13T17:30:00+00:00,200.89000000000013,201.01000000000013,200.13000000000014,200.31000000000012,8114
2026-07-13T18:00:00+00:00,200.31000000000012,201.11000000000013,200.26000000000013,200.29000000000013,7855
2026-07-13T18:30:00+00:00,200.29000000000013,200.96000000000012,200.0000000000001,200.43000000000012,7420
2026-07-13T19:00:00+00:00,200.43000000000012,201.16000000000014,200.20000000000013,200.48000000000013,8335
2026-07-13T19:30:00+00:00,200.48000000000013,201.11000000000013,200.12000000000012,200.12000000000012,10827
2026-07-14T13:30:00+00:00,200.12000000000012,204.85000000000014,200.12000000000012,201.62000000000012,15396
2026-07-14T14:00:00+00:00,201.62000000000012,202.68000000000012,200.7200000000001,202.20000000000013,15742
2026-07-14T14:30:00+00:00,202.20000000000013,204.35000000000014,201.86000000000013,204.14000000000013,13020
2026-07-14T15:00:00+00:00,204.14000000000013,205.80000000000013,203.87000000000012,205.76000000000013,11402
2026-07-14T15:30:00+00:00,205.76000000000013,205.96000000000012,204.98000000000013,205.83000000000013,10502
2026-07-14T16:00:00+00:00,205.83000000000013,206.24000000000012,204.9700000000001,206.23000000000013,9180
2026-07-14T16:30:00+00:00,206.23000000000013,207.57000000000014,205.95000000000013,207.54000000000013,7113
2026-07-14T17:00:00+00:00,207.54000000000013,208.18000000000012,207.45000000000013,207.68000000000012,6328
2026-07-14T17:30:00+00:00,207.68000000000012,208.15000000000012,207.17000000000013,207.99000000000012,5142
2026-07-14T18:00:00+00:00,207.99000000000012,208.76000000000013,207.82000000000014,208.43000000000012,4988
2026-07-14T18:30:00+00:00,208.43000000000012,209.20000000000013,208.38000000000014,208.9700000000001,5651
2026-07-14T19:00:00+00:00,208.9700000000001,209.01000000000013,207.91000000000014,207.92000000000013,5836
2026-07-14T19:30:00+00:00,207.92000000000013,208.96000000000012,207.68000000000012,208.48000000000013,7577
2026-07-15T13:30:00+00:00,208.48000000000013,210.44000000000014,207.37000000000012,208.55000000000013,14565
2026-07-15T14:00:00+00:00,208.55000000000013,208.7200000000001,206.03000000000011,207.36000000000013,13870
2026-07-15T14:30:00+00:00,207.36000000000013,207.46000000000012,206.02000000000012,206.7000000000001,14025.140161925276
2026-07-15T15:00:00+00:00,206.7000000000001,206.88000000000008,205.04000000000008,206.1800000000001,12559
2026-07-15T15:30:00+00:00,206.1800000000001,206.3900000000001,205.0300000000001,205.3000000000001,10012
2026-07-15T16:00:00+00:00,205.3000000000001,205.4500000000001,203.19000000000008,203.51000000000008,11531
2026-07-15T16:30:00+00:00,203.51000000000008,204.3000000000001,202.7100000000001,203.97000000000008,9935
2026-07-15T17:00:00+00:00,203.97000000000008,205.7800000000001,203.82000000000008,205.7000000000001,6769
2026-07-15T17:30:00+00:00,205.7000000000001,206.47000000000008,205.5300000000001,206.3100000000001,6066
2026-07-15T18:00:00+00:00,206.3100000000001,207.4300000000001,206.2400000000001,207.1500000000001,5581
2026-07-15T18:30:00+00:00,207.1500000000001,207.3700000000001,206.5200000000001,206.94000000000008,6208
2026-07-15T19:00:00+00:00,206.94000000000008,208.69000000000008,206.85000000000008,207.63000000000008,7834
2026-07-15T19:30:00+00:00,207.63000000000008,209.23000000000008,207.5300000000001,209.19000000000008,8511
2026-07-16T13:30:00+00:00,209.19000000000008,209.19000000000008,203.8300000000001,204.16000000000008,15539
2026-07-16T14:00:00+00:00,204.16000000000008,205.94000000000008,203.9600000000001,205.60000000000008,14951
2026-07-16T14:30:00+00:00,205.60000000000008,205.8100000000001,202.6800000000001,203.1400000000001,12299
2026-07-16T15:00:00+00:00,203.1400000000001,203.76000000000008,202.5200000000001,203.7100000000001,11618
2026-07-16T15:30:00+00:00,203.7100000000001,204.6100000000001,203.38000000000008,204.2800000000001,9885
2026-07-16T16:00:00+00:00,204.2800000000001,204.8400000000001,203.13000000000008,203.9000000000001,10560
2026-07-16T16:30:00+00:00,203.9000000000001,204.48000000000008,203.4900000000001,203.85000000000008,9210
2026-07-16T17:00:00+00:00,203.85000000000008,204.3600000000001,203.2800000000001,203.98000000000008,8233
2026-07-16T17:30:00+00:00,203.98000000000008,204.13000000000008,202.5500000000001,203.3400000000001,7990
2026-07-16T18:00:00+00:00,203.3400000000001,204.0600000000001,202.94000000000008,203.5600000000001,8821
2026-07-16T18:30:00+00:00,203.5600000000001,204.0900000000001,203.1800000000001,203.7000000000001,7341
2026-07-16T19:00:00+00:00,203.7000000000001,204.3300000000001,202.8100000000001,203.13000000000008,9094
2026-07-16T19:30:00+00:00,203.13000000000008,204.2400000000001,202.63000000000008,204.16000000000008,12849
2026-07-17T13:30:00+00:00,204.16000000000008,204.16000000000008,194.6400000000001,198.32000000000008,19127
2026-07-17T14:00:00+00:00,198.32000000000008,202.8400000000001,198.1700000000001,200.47000000000008,18166
2026-07-17T14:30:00+00:00,200.47000000000008,201.32000000000008,199.44000000000008,199.66000000000008,15265.74109633474
2026-07-17T15:00:00+00:00,199.66000000000008,200.70000000000007,199.00000000000009,200.54000000000008,13547
2026-07-17T15:30:00+00:00,200.54000000000008,202.0300000000001,200.4600000000001,201.76000000000008,12637
2026-07-17T16:00:00+00:00,201.76000000000008,202.0300000000001,200.6500000000001,201.47000000000008,12269
2026-07-17T16:30:00+00:00,201.47000000000008,202.8000000000001,201.20000000000007,202.25000000000009,9902
2026-07-17T17:00:00+00:00,202.25000000000009,203.2800000000001,201.9900000000001,202.7800000000001,9553
2026-07-17T17:30:00+00:00,202.7800000000001,202.8700000000001,200.88000000000008,201.0500000000001,8925
2026-07-17T18:00:00+00:00,201.0500000000001,201.35000000000008,199.6500000000001,200.0300000000001,8965
2026-07-17T18:30:00+00:00,200.0300000000001,200.5500000000001,199.44000000000008,199.9300000000001,8949
2026-07-17T19:00:00+00:00,199.9300000000001,200.0300000000001,198.2700000000001,199.60000000000008,10058
2026-07-17T19:30:00+00:00,199.60000000000008,200.4600000000001,199.1400000000001,199.29000000000008,12964
2026-07-20T13:30:00+00:00,199.29000000000008,204.35000000000008,199.29000000000008,202.4900000000001,15412
2026-07-20T14:00:00+00:00,202.4900000000001,203.2100000000001,201.29000000000008,202.57000000000008,14488
2026-07-20T14:30:00+00:00,202.57000000000008,202.8900000000001,201.22000000000008,201.4900000000001,14696
2026-07-20T15:00:00+00:00,201.4900000000001,203.1400000000001,201.3400000000001,203.13000000000008,12084
2026-07-20T15:30:00+00:00,203.13000000000008,203.1700000000001,201.41000000000008,202.5500000000001,9399
2026-07-20T16:00:00+00:00,202.5500000000001,202.98000000000008,201.76000000000008,201.9000000000001,7456
2026-07-20T16:30:00+00:00,201.9000000000001,202.00000000000009,200.3000000000001,200.6700000000001,8117
2026-07-20T17:00:00+00:00,200.6700000000001,200.73000000000008,199.69000000000008,200.41000000000008,6396
2026-07-20T17:30:00+00:00,200.41000000000008,201.35000000000008,200.2800000000001,201.0600000000001,5473
2026-07-20T18:00:00+00:00,201.0600000000001,201.66000000000008,200.8700000000001,200.95000000000007,5449
2026-07-20T18:30:00+00:00,200.95000000000007,200.95000000000007,199.7800000000001,199.9900000000001,6664
2026-07-20T19:00:00+00:00,199.9900000000001,200.10000000000008,198.9300000000001,199.5500000000001,7986
2026-07-20T19:30:00+00:00,199.5500000000001,200.0800000000001,199.25000000000009,200.01000000000008,9279
2026-07-21T13:30:00+00:00,200.01000000000008,205.25000000000009,200.01000000000008,202.0600000000001,15600
2026-07-21T14:00:00+00:00,202.0600000000001,202.5600000000001,200.6500000000001,201.98000000000008,13277
2026-07-21T14:30:00+00:00,201.98000000000008,202.5300000000001,201.35000000000008,202.47000000000008,10184
2026-07-21T15:00:00+00:00,202.47000000000008,203.3600000000001,202.0900000000001,203.25000000000009,8758
2026-07-21T15:30:00+00:00,203.25000000000009,203.4600000000001,202.35000000000008,202.4000000000001,6171
2026-07-21T16:00:00+00:00,202.4000000000001,203.16000000000008,201.66000000000008,201.72000000000008,5673
2026-07-21T16:30:00+00:00,201.72000000000008,202.1400000000001,201.4600000000001,202.0800000000001,5516
2026-07-21T17:00:00+00:00,202.0800000000001,203.01000000000008,201.9300000000001,202.7700000000001,6086
2026-07-21T17:30:00+00:00,202.7700000000001,203.6200000000001,202.7700000000001,202.9200000000001,4632
2026-07-21T18:00:00+00:00,202.9200000000001,203.3000000000001,202.5800000000001,202.88000000000008,4334
2026-07-21T18:30:00+00:00,202.88000000000008,203.9900000000001,202.85000000000008,203.8100000000001,4394
2026-07-21T19:00:00+00:00,203.8100000000001,203.94000000000008,203.13000000000008,203.4200000000001,5067
2026-07-21T19:30:00+00:00,203.4200000000001,204.47000000000008,203.1400000000001,203.8300000000001,8184
2026-07-22T13:30:00+00:00,203.8300000000001,204.8700000000001,201.5200000000001,204.4000000000001,12695
2026-07-22T14:00:00+00:00,204.4000000000001,204.41000000000008,203.10000000000008,203.4300000000001,10483
2026-07-22T14:30:00+00:00,203.4300000000001,206.1500000000001,203.10000000000008,205.8700000000001,11572.543990606391
2026-07-22T15:00:00+00:00,205.8700000000001,210.2000000000001,205.7700000000001,208.8600000000001,11890
2026-07-22T15:30:00+00:00,208.8600000000001,210.26000000000008,208.50000000000009,209.8900000000001,8836
2026-07-22T16:00:00+00:00,209.8900000000001,210.9300000000001,209.5800000000001,210.16000000000008,7584
2026-07-22T16:30:00+00:00,210.16000000000008,211.00000000000009,209.98000000000008,210.6700000000001,6381
2026-07-22T17:00:00+00:00,210.6700000000001,211.0500000000001,209.8600000000001,210.44000000000008,5687
2026-07-22T17:30:00+00:00,210.44000000000008,211.0500000000001,210.1200000000001,210.2700000000001,5315
2026-07-22T18:00:00+00:00,210.2700000000001,210.6200000000001,210.1500000000001,210.41000000000008,5480
2026-07-22T18:30:00+00:00,210.41000000000008,210.6500000000001,210.1400000000001,210.4300000000001,4532
2026-07-22T19:00:00+00:00,210.4300000000001,210.8700000000001,209.5800000000001,210.01000000000008,5463
2026-07-22T19:30:00+00:00,210.01000000000008,210.0800000000001,208.4000000000001,208.7800000000001,7797
2026-07-23T13:30:00+00:00,208.7800000000001,208.7800000000001,205.13000000000008,205.5800000000001,16418
2026-07-23T14:00:00+00:00,205.5800000000001,206.6500000000001,204.72000000000008,205.23000000000008,19295
2026-07-23T14:30:00+00:00,205.23000000000008,205.7700000000001,203.8900000000001,203.9600000000001,18951
2026-07-23T15:00:00+00:00,203.9600000000001,204.44000000000008,202.7100000000001,203.0300000000001,15099
2026-07-23T15:30:00+00:00,203.0300000000001,204.9200000000001,202.63000000000008,204.8700000000001,12964
2026-07-23T16:00:00+00:00,204.8700000000001,206.47000000000008,204.7000000000001,206.3000000000001,9821
2026-07-23T16:30:00+00:00,206.3000000000001,207.0600000000001,205.91000000000008,206.5500000000001,10360
2026-07-23T17:00:00+00:00,206.5500000000001,207.1100000000001,205.8400000000001,206.8000000000001,11511
2026-07-23T17:30:00+00:00,206.8000000000001,206.85000000000008,205.6800000000001,205.7400000000001,10470
2026-07-23T18:00:00+00:00,205.7400000000001,205.7800000000001,204.8600000000001,205.25000000000009,10155
2026-07-23T18:30:00+00:00,205.25000000000009,205.51000000000008,204.00000000000009,204.3600000000001,8922
2026-07-23T19:00:00+00:00,204.3600000000001,204.8400000000001,203.7800000000001,204.5200000000001,8217
2026-07-23T19:30:00+00:00,204.5200000000001,205.6200000000001,203.5600000000001,205.47000000000008,13020
2026-07-24T13:30:00+00:00,205.47000000000008,205.47000000000008,202.35000000000008,202.97000000000008,15102
2026-07-24T14:00:00+00:00,202.97000000000008,205.00000000000009,202.88000000000008,204.7700000000001,16837
2026-07-24T14:30:00+00:00,204.7700000000001,206.23000000000008,203.79000000000008,206.1700000000001,15758
2026-07-24T15:00:00+00:00,206.1700000000001,207.01000000000008,205.2800000000001,205.8900000000001,16227
2026-07-24T15:30:00+00:00,205.8900000000001,206.97000000000008,205.6400000000001,206.85000000000008,12854
2026-07-24T16:00:00+00:00,206.85000000000008,208.5600000000001,206.69000000000008,207.4500000000001,10327
2026-07-24T16:30:00+00:00,207.4500000000001,207.54000000000008,206.4300000000001,206.8900000000001,9989
2026-07-24T17:00:00+00:00,206.8900000000001,207.0300000000001,206.2100000000001,206.91000000000008,9825
2026-07-24T17:30:00+00:00,206.91000000000008,207.2000000000001,206.35000000000008,206.3700000000001,7965
2026-07-24T18:00:00+00:00,206.3700000000001,206.57000000000008,204.3900000000001,204.4900000000001,8763
2026-07-24T18:30:00+00:00,204.4900000000001,204.5600000000001,202.6800000000001,202.9300000000001,11993
2026-07-24T19:00:00+00:00,202.9300000000001,203.3700000000001,201.50000000000009,202.2700000000001,12202
2026-07-24T19:30:00+00:00,202.2700000000001,203.73000000000008,201.9600000000001,203.6700000000001,14282
2026-07-27T13:30:00+00:00,203.6700000000001,205.3100000000001,197.8900000000001,198.50000000000009,7104
2026-07-27T14:00:00+00:00,198.50000000000009,199.5500000000001,195.6400000000001,195.6400000000001,6708
2026-07-27T14:30:00+00:00,195.6400000000001,196.6500000000001,194.1200000000001,196.44000000000008,5768
2026-07-27T15:00:00+00:00,196.44000000000008,196.5200000000001,193.4300000000001,193.82000000000008,7890
2026-07-27T15:30:00+00:00,193.82000000000008,194.29000000000008,192.60000000000008,194.2800000000001,8174
2026-07-27T16:00:00+00:00,194.2800000000001,195.1800000000001,193.44000000000008,194.4500000000001,8135
2026-07-27T16:30:00+00:00,194.4500000000001,194.76000000000008,192.85000000000008,192.97000000000008,8082
2026-07-27T17:00:00+00:00,192.97000000000008,193.0600000000001,192.1200000000001,192.2400000000001,7791
2026-07-27T17:30:00+00:00,192.2400000000001,193.44000000000008,192.1800000000001,193.44000000000008,6079
2026-07-27T18:00:00+00:00,193.44000000000008,193.76000000000008,192.7400000000001,193.38000000000008,3482.289565514882
2026-07-27T18:30:00+00:00,193.38000000000008,194.3300000000001,192.75000000000009,194.0900000000001,7369
2026-07-27T19:00:00+00:00,194.0900000000001,194.7100000000001,193.8300000000001,194.3900000000001,7251
2026-07-27T19:30:00+00:00,194.3900000000001,194.50000000000009,193.0800000000001,193.2100000000001,7903
2026-07-28T13:30:00+00:00,193.2100000000001,193.2100000000001,189.47000000000008,190.29000000000008,23352
2026-07-28T14:00:00+00:00,190.29000000000008,191.79000000000008,189.4200000000001,190.75000000000009,21500
2026-07-28T14:30:00+00:00,190.75000000000009,194.2400000000001,190.57000000000008,193.4300000000001,17146
2026-07-28T15:00:00+00:00,193.4300000000001,194.51000000000008,192.5300000000001,193.4200000000001,14505
2026-07-28T15:30:00+00:00,193.4200000000001,195.26000000000008,193.1100000000001,195.00000000000009,9055
2026-07-28T16:00:00+00:00,195.00000000000009,195.35000000000008,193.91000000000008,193.9500000000001,6750
2026-07-28T16:30:00+00:00,193.9500000000001,194.91000000000008,193.2800000000001,194.6800000000001,6449
2026-07-28T17:00:00+00:00,194.6800000000001,194.9000000000001,193.8000000000001,194.3600000000001,7042
2026-07-28T17:30:00+00:00,194.3600000000001,194.7400000000001,193.3300000000001,193.7700000000001,7284
2026-07-28T18:00:00+00:00,193.7700000000001,194.0500000000001,193.3100000000001,193.3600000000001,7838
2026-07-28T18:30:00+00:00,193.3600000000001,194.0500000000001,193.22000000000008,193.7400000000001,8166
2026-07-28T19:00:00+00:00,193.7400000000001,194.69000000000008,193.72000000000008,194.57000000000008,8301
2026-07-28T19:30:00+00:00,194.57000000000008,194.76000000000008,193.51000000000008,193.6100000000001,11850
2026-07-29T13:30:00+00:00,193.6100000000001,193.69000000000008,189.3700000000001,190.0200000000001,20743
2026-07-29T14:00:00+00:00,190.0200000000001,190.32000000000008,187.6100000000001,188.3100000000001,20628
2026-07-29T14:30:00+00:00,188.3100000000001,189.3000000000001,187.63000000000008,189.1700000000001,17220
2026-07-29T15:00:00+00:00,189.1700000000001,189.82000000000008,188.85000000000008,189.0500000000001,15758
2026-07-29T15:30:00+00:00,189.0500000000001,189.26000000000008,188.1200000000001,188.5200000000001,13757
2026-07-29T16:00:00+00:00,188.5200000000001,188.7800000000001,187.35000000000008,188.26000000000008,11826
2026-07-29T16:30:00+00:00,188.26000000000008,188.8600000000001,187.9900000000001,188.66000000000008,11113
2026-07-29T17:00:00+00:00,188.66000000000008,189.7800000000001,188.54000000000008,188.8400000000001,12017
2026-07-29T17:30:00+00:00,188.8400000000001,189.2300000000001,188.41000000000008,188.9500000000001,10733
2026-07-29T18:00:00+00:00,188.9500000000001,190.7400000000001,188.9500000000001,189.9000000000001,19199
2026-07-29T18:30:00+00:00,189.9000000000001,192.8600000000001,189.4300000000001,192.6200000000001,21219
2026-07-29T19:00:00+00:00,192.6200000000001,193.0200000000001,189.25000000000009,190.07000000000008,23581
2026-07-29T19:30:00+00:00,190.07000000000008,190.4600000000001,186.7300000000001,186.79000000000008,24526
2026-07-30T13:30:00+00:00,186.79000000000008,192.26000000000008,186.79000000000008,192.22000000000008,19773
2026-07-30T14:00:00+00:00,192.22000000000008,193.8700000000001,191.6100000000001,193.51000000000008,16971
2026-07-30T14:30:00+00:00,193.51000000000008,193.9300000000001,190.94000000000008,191.54000000000008,16254
2026-07-30T15:00:00+00:00,191.54000000000008,192.01000000000008,190.1200000000001,190.19000000000008,17160
2026-07-30T15:30:00+00:00,190.19000000000008,190.3000000000001,189.4300000000001,189.82000000000008,13003
2026-07-30T16:00:00+00:00,189.82000000000008,191.07000000000008,189.5600000000001,190.50000000000009,9476
2026-07-30T16:30:00+00:00,190.50000000000009,190.7100000000001,189.3900000000001,190.10000000000008,9171
2026-07-30T17:00:00+00:00,190.10000000000008,190.7000000000001,190.10000000000008,190.32000000000008,6685
2026-07-30T17:30:00+00:00,190.32000000000008,190.7300000000001,189.7700000000001,190.4500000000001,6860
2026-07-30T18:00:00+00:00,190.4500000000001,190.7300000000001,189.94000000000008,190.19000000000008,5361
2026-07-30T18:30:00+00:00,190.19000000000008,190.54000000000008,189.8300000000001,190.25000000000009,5153
2026-07-30T19:00:00+00:00,190.25000000000009,191.63000000000008,190.1200000000001,190.76000000000008,6809
2026-07-30T19:30:00+00:00,190.76000000000008,192.0300000000001,190.69000000000008,191.82000000000008,9828
2026-07-31T13:30:00+00:00,191.82000000000008,196.7300000000001,191.82000000000008,194.38000000000008,18985
2026-07-31T14:00:00+00:00,194.38000000000008,194.54000000000008,191.6800000000001,193.69000000000008,19194
2026-07-31T14:30:00+00:00,193.69000000000008,195.6200000000001,193.4600000000001,194.82000000000008,14425
2026-07-31T15:00:00+00:00,194.82000000000008,195.04000000000008,192.01000000000008,192.32000000000008,13976
2026-07-31T15:30:00+00:00,192.32000000000008,193.3700000000001,191.9300000000001,192.9900000000001,11994
2026-07-31T16:00:00+00:00,192.9900000000001,194.72000000000008,192.8400000000001,194.72000000000008,8959
2026-07-31T16:30:00+00:00,194.72000000000008,195.22000000000008,194.19000000000008,194.91000000000008,7810
2026-07-31T17:00:00+00:00,194.91000000000008,196.0200000000001,194.82000000000008,195.9500000000001,6212
2026-07-31T17:30:00+00:00,195.9500000000001,196.6500000000001,195.66000000000008,196.2100000000001,6842
2026-07-31T18:00:00+00:00,196.2100000000001,196.4900000000001,195.1800000000001,195.2700000000001,6817
2026-07-31T18:30:00+00:00,195.2700000000001,196.01000000000008,195.1700000000001,195.66000000000008,5120
2026-07-31T19:00:00+00:00,195.66000000000008,197.8000000000001,194.9800000000001,197.00000000000009,7414
2026-07-31T19:30:00+00:00,197.00000000000009,198.6500000000001,196.5900000000001,197.5600000000001,11287
